<?xml version='1.0' encoding='UTF-8'?>
<arggraph id="micro_b056">
  <edu id="e1"><![CDATA[A violation of international law should be more than enough to consider a reaction!]]></edu>
  <edu id="e2"><![CDATA[Humanity has made enough mistakes throughout history by waiting too long, and when it has finally reacted, the only remaining option has usually been war.]]></edu>
  <edu id="e3"><![CDATA[It's to be noted that in our civilized world, in a democratic country, the people can determine their own fate,]]></edu>
  <edu id="e4"><![CDATA[as long as the motivation of those people isn't triggered by propaganda, corruption and military pressure.]]></edu>
  <edu id="e5"><![CDATA[Since, however, in Russia besides gas and oil only propaganda and corruption rule,]]></edu>
  <edu id="e6"><![CDATA[the EU should intervene right away.]]></edu>
  <adu id="a1" type="pro"/>
  <adu id="a2" type="pro"/>
  <adu id="a3" type="opp"/>
  <adu id="a4" type="pro"/>
  <adu id="a5" type="pro"/>
  <adu id="a6" type="pro"/>
  <edge id="c1" src="a1" trg="a6" type="sup"/>
  <edge id="c2" src="a2" trg="a6" type="sup"/>
  <edge id="c3" src="a3" trg="a6" type="reb"/>
  <edge id="c4" src="a4" trg="c3" type="und"/>
  <edge id="c5" src="a5" trg="a4" type="sup"/>
  <edge id="c7" src="e1" trg="a1" type="seg"/>
  <edge id="c8" src="e2" trg="a2" type="seg"/>
  <edge id="c9" src="e3" trg="a3" type="seg"/>
  <edge id="c10" src="e4" trg="a4" type="seg"/>
  <edge id="c11" src="e5" trg="a5" type="seg"/>
  <edge id="c12" src="e6" trg="a6" type="seg"/>
</arggraph>