<?xml version='1.0' encoding='UTF-8'?>
<arggraph id="micro_c074">
  <edu id="e1"><![CDATA[Violent video games do increase violent behavior, especially in young children.]]></edu>
  <edu id="e2"><![CDATA[Young children play violent games and assume this behavior is normal,]]></edu>
  <edu id="e3"><![CDATA[and carry it out into the real world.]]></edu>
  <edu id="e4"><![CDATA[The proof is the increase in violent crimes]]></edu>
  <edu id="e5"><![CDATA[and increase in school shootings.]]></edu>
  <adu id="a1" type="pro"/>
  <adu id="a2" type="pro"/>
  <adu id="a3" type="pro"/>
  <adu id="a4" type="pro"/>
  <adu id="a5" type="pro"/>
  <edge id="c1" src="a2" trg="a1" type="sup"/>
  <edge id="c2" src="a3" trg="c1" type="add"/>
  <edge id="c3" src="a4" trg="a3" type="sup"/>
  <edge id="c4" src="a5" trg="a3" type="sup"/>
  <edge id="c5" src="e1" trg="a1" type="seg"/>
  <edge id="c6" src="e2" trg="a2" type="seg"/>
  <edge id="c7" src="e3" trg="a3" type="seg"/>
  <edge id="c8" src="e4" trg="a4" type="seg"/>
  <edge id="c9" src="e5" trg="a5" type="seg"/>
</arggraph>