<?xml version='1.0' encoding='UTF-8'?>
<arggraph id="micro_b028">
  <edu id="e1"><![CDATA[The universities in Germany should not under any circumstances charge tuition fees.]]></edu>
  <edu id="e2"><![CDATA[This would impede or prevent access to those who are financially weaker.]]></edu>
  <edu id="e3"><![CDATA[The anticipated objectives of tuition fees can be achieved by other means.]]></edu>
  <edu id="e4"><![CDATA[There are other instruments to motivate tighter discipline while studying.]]></edu>
  <edu id="e5"><![CDATA[And funding-wise it ought to be considered how costs incurred by students from other (federal) states can be reimbursed.]]></edu>
  <adu id="a1" type="pro"/>
  <adu id="a2" type="pro"/>
  <adu id="a3" type="pro"/>
  <adu id="a4" type="pro"/>
  <adu id="a5" type="pro"/>
  <edge id="c2" src="a2" trg="a1" type="sup"/>
  <edge id="c3" src="a3" trg="a1" type="sup"/>
  <edge id="c4" src="a4" trg="a3" type="sup"/>
  <edge id="c5" src="a5" trg="a3" type="sup"/>
  <edge id="c6" src="e1" trg="a1" type="seg"/>
  <edge id="c7" src="e2" trg="a2" type="seg"/>
  <edge id="c8" src="e3" trg="a3" type="seg"/>
  <edge id="c9" src="e4" trg="a4" type="seg"/>
  <edge id="c10" src="e5" trg="a5" type="seg"/>
</arggraph>