<?xml version='1.0' encoding='UTF-8'?>
<arggraph id="micro_c080">
  <edu id="e1"><![CDATA[Violent video games do not themselves cause people to act out violently.]]></edu>
  <edu id="e2"><![CDATA[Video games may contribute to the overall mindset of a violent person who acts out violently,]]></edu>
  <edu id="e3"><![CDATA[but cannot in and of themselves cause violence.]]></edu>
  <edu id="e4"><![CDATA[A violent person will seek out justification and violence in whatever forms exist.]]></edu>
  <edu id="e5"><![CDATA[Violent video games can also contribute to the normalization and desensitization of violence,]]></edu>
  <edu id="e6"><![CDATA[but is only one factor among a whole host of factors leading to violence, the most important of which is individual choice.]]></edu>
  <adu id="a1" type="pro"/>
  <adu id="a2" type="opp"/>
  <adu id="a3" type="pro"/>
  <adu id="a4" type="pro"/>
  <adu id="a5" type="opp"/>
  <adu id="a6" type="pro"/>
  <edge id="c1" src="a2" trg="a1" type="reb"/>
  <edge id="c2" src="a3" trg="c1" type="und"/>
  <edge id="c3" src="a4" trg="a1" type="sup"/>
  <edge id="c4" src="a5" trg="a1" type="reb"/>
  <edge id="c5" src="a6" trg="c4" type="und"/>
  <edge id="c6" src="e1" trg="a1" type="seg"/>
  <edge id="c7" src="e2" trg="a2" type="seg"/>
  <edge id="c8" src="e3" trg="a3" type="seg"/>
  <edge id="c9" src="e4" trg="a4" type="seg"/>
  <edge id="c10" src="e5" trg="a5" type="seg"/>
  <edge id="c11" src="e6" trg="a6" type="seg"/>
</arggraph>