<?xml version='1.0' encoding='UTF-8'?>
<arggraph id="micro_d16">
  <edu id="e1"><![CDATA[There are parliamentary elections soon]]></edu>
  <edu id="e2"><![CDATA[and traditionally the governing party is generous with popular promises in the run-up to federal elections.]]></edu>
  <edu id="e3"><![CDATA[Nevertheless the head of government, Merkel, had better restrain herself in announcing handouts this year.]]></edu>
  <edu id="e4"><![CDATA[Voters have become more sceptical.]]></edu>
  <edu id="e5"><![CDATA[Too many promises have not been kept.]]></edu>
  <adu id="a1" type="opp"/>
  <adu id="a2" type="opp"/>
  <adu id="a3" type="pro"/>
  <adu id="a4" type="pro"/>
  <adu id="a5" type="pro"/>
  <edge id="c1" src="a1" trg="a3" type="reb"/>
  <edge id="c2" src="a2" trg="c1" type="add"/>
  <edge id="c4" src="a4" trg="a3" type="sup"/>
  <edge id="c5" src="a5" trg="a4" type="sup"/>
  <edge id="c6" src="e1" trg="a1" type="seg"/>
  <edge id="c7" src="e2" trg="a2" type="seg"/>
  <edge id="c8" src="e3" trg="a3" type="seg"/>
  <edge id="c9" src="e4" trg="a4" type="seg"/>
  <edge id="c10" src="e5" trg="a5" type="seg"/>
</arggraph>