<?xml version='1.0' encoding='UTF-8'?>
<arggraph id="micro_k002">
  <edu id="e1"><![CDATA[Actually it would be justified if all German universities charged tuition fees.]]></edu>
  <edu id="e2"><![CDATA[As long as it is ensured that the funds really benefit the universities directly, one can continue to regard this as social justice.]]></edu>
  <edu id="e3"><![CDATA[Those who study later decide this early on, anyway.]]></edu>
  <edu id="e4"><![CDATA[It's always possible to take out a student loan or to earn a scholarship.]]></edu>
  <edu id="e5"><![CDATA[To oblige non-academics to finance others' degrees through taxes, however, is not just.]]></edu>
  <adu id="a1" type="pro"/>
  <adu id="a2" type="pro"/>
  <adu id="a3" type="pro"/>
  <adu id="a4" type="pro"/>
  <adu id="a5" type="pro"/>
  <edge id="c2" src="a2" trg="a1" type="sup"/>
  <edge id="c3" src="a3" trg="a1" type="sup"/>
  <edge id="c4" src="a4" trg="a1" type="sup"/>
  <edge id="c5" src="a5" trg="a1" type="sup"/>
  <edge id="c6" src="e1" trg="a1" type="seg"/>
  <edge id="c7" src="e2" trg="a2" type="seg"/>
  <edge id="c8" src="e3" trg="a3" type="seg"/>
  <edge id="c9" src="e4" trg="a4" type="seg"/>
  <edge id="c10" src="e5" trg="a5" type="seg"/>
</arggraph>