<?xml version='1.0' encoding='UTF-8'?>
<arggraph id="micro_c143">
  <edu id="e1"><![CDATA[Wind energy is a viable form of alternative energy production that should be encouraged in use.]]></edu>
  <edu id="e2"><![CDATA[Government regulation is important for this,]]></edu>
  <edu id="e3"><![CDATA[as it provides incentives for using wind energy]]></edu>
  <edu id="e4"><![CDATA[and penalties for relying on other, more polluting forms of energy.]]></edu>
  <edu id="e5"><![CDATA[The world must reduce its reliance on fossil fuels as a main source of energy,]]></edu>
  <edu id="e6"><![CDATA[as fossil fuel is finite]]></edu>
  <edu id="e7"><![CDATA[and it's use causes widespread damage to the environment.]]></edu>
  <edu id="e8"><![CDATA[Another option of alternate energy, nuclear power, has its own environmental and safety risks that make it non-viable as a main source of power.]]></edu>
  <edu id="e9"><![CDATA[Wind energy, along with other types of energy such as solar power, is self-renewing, clean, and relatively safe for both people and the surrounding ecosystems.]]></edu>
  <adu id="a1" type="pro"/>
  <adu id="a2" type="pro"/>
  <adu id="a3" type="pro"/>
  <adu id="a4" type="pro"/>
  <adu id="a5" type="pro"/>
  <adu id="a6" type="pro"/>
  <adu id="a7" type="pro"/>
  <adu id="a8" type="pro"/>
  <adu id="a9" type="pro"/>
  <edge id="c1" src="a2" trg="a1" type="sup"/>
  <edge id="c2" src="a3" trg="a1" type="sup"/>
  <edge id="c3" src="a4" trg="a1" type="sup"/>
  <edge id="c4" src="a5" trg="a4" type="sup"/>
  <edge id="c5" src="a6" trg="a5" type="sup"/>
  <edge id="c6" src="a7" trg="a5" type="sup"/>
  <edge id="c7" src="a8" trg="a4" type="sup"/>
  <edge id="c8" src="a9" trg="a4" type="sup"/>
  <edge id="c9" src="e1" trg="a4" type="seg"/>
  <edge id="c10" src="e2" trg="a1" type="seg"/>
  <edge id="c11" src="e3" trg="a2" type="seg"/>
  <edge id="c12" src="e4" trg="a3" type="seg"/>
  <edge id="c13" src="e5" trg="a5" type="seg"/>
  <edge id="c14" src="e6" trg="a6" type="seg"/>
  <edge id="c15" src="e7" trg="a7" type="seg"/>
  <edge id="c16" src="e8" trg="a8" type="seg"/>
  <edge id="c17" src="e9" trg="a9" type="seg"/>
</arggraph>