<?xml version='1.0' encoding='UTF-8'?>
<arggraph id="micro_c053">
  <edu id="e1"><![CDATA[Recycling lessens the likelihood of wildlife death related to littering.]]></edu>
  <edu id="e2"><![CDATA[People are more likely to recycle if there is monetary value involved.]]></edu>
  <edu id="e3"><![CDATA[Also, if one state adopts a deposit on soft drink bottles and cans in order to promote recycling then all of the states should adopt this deposit.]]></edu>
  <edu id="e4"><![CDATA[However, one would question if people will drive around wasting gas to get to the recycling center.]]></edu>
  <edu id="e5"><![CDATA[The idea of saving wildlife and gaining money from the recycling products would be expected to outweigh the negative aspect of having to use gas actually recycle.]]></edu>
  <edu id="e6"><![CDATA[All states should adopt a deposit on soft dring bottles and cans in order to promote recycling.]]></edu>
  <adu id="a1" type="pro"/>
  <adu id="a2" type="pro"/>
  <adu id="a3" type="pro"/>
  <adu id="a4" type="opp"/>
  <adu id="a5" type="pro"/>
  <adu id="a6" type="pro"/>
  <edge id="c1" src="a1" trg="a6" type="sup"/>
  <edge id="c2" src="a2" trg="a6" type="sup"/>
  <edge id="c3" src="a3" trg="a6" type="sup"/>
  <edge id="c4" src="a4" trg="a6" type="reb"/>
  <edge id="c5" src="a5" trg="c4" type="und"/>
  <edge id="c6" src="e1" trg="a1" type="seg"/>
  <edge id="c7" src="e2" trg="a2" type="seg"/>
  <edge id="c8" src="e3" trg="a3" type="seg"/>
  <edge id="c9" src="e4" trg="a4" type="seg"/>
  <edge id="c10" src="e5" trg="a5" type="seg"/>
  <edge id="c11" src="e6" trg="a6" type="seg"/>
</arggraph>