<?xml version='1.0' encoding='UTF-8'?>
<arggraph id="micro_c192">
  <edu id="e1"><![CDATA[People who own dogs should show them respect,]]></edu>
  <edu id="e2"><![CDATA[but they should not treat them like a family member.]]></edu>
  <edu id="e3"><![CDATA[To treat a dog the same as a family member is disrespectful to the rest of the family.]]></edu>
  <edu id="e4"><![CDATA[A dog has no idea what a birthday is or feels the need to wear clothes. While you can have a party for your pet and dress it up in a party outfit, that doesn't make it human, only looks silly, and makes the dog uncomfortable.]]></edu>
  <adu id="a1" type="opp"/>
  <adu id="a2" type="pro"/>
  <adu id="a3" type="pro"/>
  <adu id="a4" type="pro"/>
  <edge id="c1" src="a1" trg="a2" type="reb"/>
  <edge id="c2" src="a3" trg="a2" type="sup"/>
  <edge id="c3" src="a4" trg="a2" type="sup"/>
  <edge id="c4" src="e1" trg="a1" type="seg"/>
  <edge id="c5" src="e2" trg="a2" type="seg"/>
  <edge id="c6" src="e3" trg="a3" type="seg"/>
  <edge id="c7" src="e4" trg="a4" type="seg"/>
</arggraph>