<?xml version='1.0' encoding='UTF-8'?>
<arggraph id="micro_d04">
  <edu id="e1"><![CDATA[Anti-virus software protects the users of a computer from dangers from the internet.]]></edu>
  <edu id="e2"><![CDATA[That's why everyone should have an anti-virus programme on his or her Windows machine.]]></edu>
  <edu id="e3"><![CDATA[Admittedly they do not generally prevent you from catching a virus,]]></edu>
  <edu id="e4"><![CDATA[since they can only react to publicly known threats.]]></edu>
  <edu id="e5"><![CDATA[But once a safeguard has been found against a new virus, everyone gets it in no time through the automatic update.]]></edu>
  <adu id="a1" type="pro"/>
  <adu id="a2" type="pro"/>
  <adu id="a3" type="opp"/>
  <adu id="a4" type="opp"/>
  <adu id="a5" type="pro"/>
  <edge id="c1" src="a1" trg="a2" type="sup"/>
  <edge id="c3" src="a3" trg="a1" type="reb"/>
  <edge id="c4" src="a4" trg="a3" type="sup"/>
  <edge id="c5" src="a5" trg="a2" type="sup"/>
  <edge id="c6" src="e1" trg="a1" type="seg"/>
  <edge id="c7" src="e2" trg="a2" type="seg"/>
  <edge id="c8" src="e3" trg="a3" type="seg"/>
  <edge id="c9" src="e4" trg="a4" type="seg"/>
  <edge id="c10" src="e5" trg="a5" type="seg"/>
</arggraph>