<?xml version='1.0' encoding='UTF-8'?>
<arggraph id="micro_c102">
  <edu id="e1"><![CDATA[Paper and books, at some point will become obsolete.]]></edu>
  <edu id="e2"><![CDATA[It is far more convenient and takes up a lot less space to store data on hard drives and disks than to use paper products.]]></edu>
  <edu id="e3"><![CDATA[Paper can deteriorate if improperly stored,]]></edu>
  <edu id="e4"><![CDATA[making it inconvenient in many situations.]]></edu>
  <edu id="e5"><![CDATA[Paper products also cannot be accessed remotely,]]></edu>
  <edu id="e6"><![CDATA[giving it a huge disadvantage compared to storing information digitally.]]></edu>
  <adu id="a1" type="pro"/>
  <adu id="a2" type="pro"/>
  <adu id="a3" type="pro"/>
  <adu id="a4" type="pro"/>
  <adu id="a5" type="pro"/>
  <adu id="a6" type="pro"/>
  <edge id="c1" src="a2" trg="a1" type="sup"/>
  <edge id="c2" src="a3" trg="a1" type="sup"/>
  <edge id="c3" src="a4" trg="a3" type="sup"/>
  <edge id="c4" src="a5" trg="a1" type="sup"/>
  <edge id="c5" src="a6" trg="a5" type="sup"/>
  <edge id="c6" src="e1" trg="a1" type="seg"/>
  <edge id="c7" src="e2" trg="a2" type="seg"/>
  <edge id="c8" src="e3" trg="a4" type="seg"/>
  <edge id="c9" src="e4" trg="a3" type="seg"/>
  <edge id="c10" src="e5" trg="a6" type="seg"/>
  <edge id="c11" src="e6" trg="a5" type="seg"/>
</arggraph>