<?xml version='1.0' encoding='UTF-8'?>
<arggraph id="micro_c112">
  <edu id="e1"><![CDATA[It is difficult to misplace a smart watch because its usually on your wrist,]]></edu>
  <edu id="e2"><![CDATA[whereas, a cell phone is constantly misplaced.]]></edu>
  <edu id="e3"><![CDATA[The screen on a smart watch is smaller than a cell phone,]]></edu>
  <edu id="e4"><![CDATA[but you can still game on it and watch television.]]></edu>
  <edu id="e5"><![CDATA[Smart watches are going to replace cell phones.]]></edu>
  <adu id="a1" type="pro"/>
  <adu id="a2" type="pro"/>
  <adu id="a3" type="pro"/>
  <adu id="a4" type="opp"/>
  <adu id="a5" type="pro"/>
  <edge id="c1" src="a1" trg="a2" type="sup"/>
  <edge id="c2" src="a3" trg="c1" type="add"/>
  <edge id="c3" src="a4" trg="a2" type="reb"/>
  <edge id="c4" src="a5" trg="c3" type="und"/>
  <edge id="c5" src="e1" trg="a1" type="seg"/>
  <edge id="c6" src="e2" trg="a3" type="seg"/>
  <edge id="c7" src="e3" trg="a4" type="seg"/>
  <edge id="c8" src="e4" trg="a5" type="seg"/>
  <edge id="c9" src="e5" trg="a2" type="seg"/>
</arggraph>