<?xml version='1.0' encoding='UTF-8'?>
<arggraph id="micro_c113">
  <edu id="e1"><![CDATA[Smart watches won't replace cell phones.]]></edu>
  <edu id="e2"><![CDATA[I think they are a great component to pair with a smart phone.]]></edu>
  <edu id="e3"><![CDATA[But for someone like me who has really bad eye, you can't see the smaller text.]]></edu>
  <edu id="e4"><![CDATA[Or, for someone who is clumsy like myself and is always bumping into things, the watch is destined to break.]]></edu>
  <adu id="a1" type="pro"/>
  <adu id="a2" type="opp"/>
  <adu id="a3" type="pro"/>
  <adu id="a4" type="pro"/>
  <edge id="c1" src="a2" trg="a1" type="reb"/>
  <edge id="c2" src="a3" trg="c1" type="und"/>
  <edge id="c3" src="a4" trg="c1" type="und"/>
  <edge id="c4" src="e1" trg="a1" type="seg"/>
  <edge id="c5" src="e2" trg="a2" type="seg"/>
  <edge id="c6" src="e3" trg="a3" type="seg"/>
  <edge id="c7" src="e4" trg="a4" type="seg"/>
</arggraph>