<?xml version='1.0' encoding='UTF-8'?>
<arggraph id="micro_k020">
  <edu id="e1"><![CDATA[Despite the death penalty there are significantly more homicides in the US than in Germany.]]></edu>
  <edu id="e2"><![CDATA[Fear of punishment hence does not deter murderers.]]></edu>
  <edu id="e3"><![CDATA['An eye for an eye' seems to miss the point.]]></edu>
  <edu id="e4"><![CDATA[The state ought to prevent murder - not avenge it.]]></edu>
  <edu id="e5"><![CDATA[A re-introduction of capital punishment in Germany would be a step back into the Middle Ages.]]></edu>
  <adu id="a1" type="pro"/>
  <adu id="a2" type="pro"/>
  <adu id="a3" type="pro"/>
  <adu id="a4" type="pro"/>
  <adu id="a5" type="pro"/>
  <edge id="c1" src="a1" trg="a2" type="sup"/>
  <edge id="c2" src="a2" trg="a3" type="sup"/>
  <edge id="c3" src="a3" trg="a4" type="sup"/>
  <edge id="c5" src="a5" trg="a4" type="sup"/>
  <edge id="c6" src="e1" trg="a1" type="seg"/>
  <edge id="c7" src="e2" trg="a2" type="seg"/>
  <edge id="c8" src="e3" trg="a3" type="seg"/>
  <edge id="c9" src="e4" trg="a4" type="seg"/>
  <edge id="c10" src="e5" trg="a5" type="seg"/>
</arggraph>