<?xml version='1.0' encoding='UTF-8'?>
<arggraph id="micro_c077">
  <edu id="e1"><![CDATA[violent video games cause people to watch and participate in imaginary scenarios.]]></edu>
  <edu id="e2"><![CDATA[imaginary scenarios are no more dangerous than television or movies.]]></edu>
  <edu id="e3"><![CDATA[some may argue that television and movies also cause people to act violently.]]></edu>
  <edu id="e4"><![CDATA[but these are the acts of people who are violent in the first place.]]></edu>
  <edu id="e5"><![CDATA[Video games don't cause people to act out violently.]]></edu>
  <adu id="a1" type="pro"/>
  <adu id="a2" type="pro"/>
  <adu id="a3" type="pro"/>
  <adu id="a4" type="opp"/>
  <adu id="a5" type="pro"/>
  <edge id="c1" src="a1" trg="a2" type="sup"/>
  <edge id="c2" src="a3" trg="c1" type="add"/>
  <edge id="c3" src="a4" trg="a3" type="reb"/>
  <edge id="c4" src="a5" trg="a4" type="reb"/>
  <edge id="c5" src="e1" trg="a1" type="seg"/>
  <edge id="c6" src="e2" trg="a3" type="seg"/>
  <edge id="c7" src="e3" trg="a4" type="seg"/>
  <edge id="c8" src="e4" trg="a5" type="seg"/>
  <edge id="c9" src="e5" trg="a2" type="seg"/>
</arggraph>