<?xml version='1.0' encoding='UTF-8'?>
<arggraph id="micro_k010">
  <edu id="e1"><![CDATA[Considering what's on television these days, it would be appropriate to only have those people pay who actually (want to) follow the programming.]]></edu>
  <edu id="e2"><![CDATA[In some cases there are only shows for older generations on at prime times, so why then should everyone pay for this?]]></edu>
  <edu id="e3"><![CDATA[By now you have advertising on all channels,]]></edu>
  <edu id="e4"><![CDATA[so there's no advantage for the current paying viewers of the public broadcasters.]]></edu>
  <edu id="e5"><![CDATA[Nevertheless one has to point out that there'd probably be way fewer stations if it werenвЂ™t the whole of Germany thatвЂ™s obliged to pay.]]></edu>
  <edu id="e6"><![CDATA[That shouldn't be an issue though, given the sheer number of programmes and stations that essentially show the same things anyway.]]></edu>
  <adu id="a1" type="pro"/>
  <adu id="a2" type="pro"/>
  <adu id="a3" type="pro"/>
  <adu id="a4" type="pro"/>
  <adu id="a5" type="opp"/>
  <adu id="a6" type="pro"/>
  <edge id="c2" src="a2" trg="a1" type="sup"/>
  <edge id="c3" src="a3" trg="a4" type="sup"/>
  <edge id="c4" src="a4" trg="a1" type="sup"/>
  <edge id="c5" src="a5" trg="a1" type="reb"/>
  <edge id="c6" src="a6" trg="c5" type="und"/>
  <edge id="c7" src="e1" trg="a1" type="seg"/>
  <edge id="c8" src="e2" trg="a2" type="seg"/>
  <edge id="c9" src="e3" trg="a3" type="seg"/>
  <edge id="c10" src="e4" trg="a4" type="seg"/>
  <edge id="c11" src="e5" trg="a5" type="seg"/>
  <edge id="c12" src="e6" trg="a6" type="seg"/>
</arggraph>