<?xml version='1.0' encoding='UTF-8'?>
<arggraph id="micro_b029">
  <edu id="e1"><![CDATA[The TV/radio licence fee can only be required of all citizens/households equally.]]></edu>
  <edu id="e2"><![CDATA[Critics point out that they are not using what's on offer by public broadcasting.]]></edu>
  <edu id="e3"><![CDATA[I do doubt that there is anyone who has never at least indirectly watched the programming of the public broadcasters.]]></edu>
  <edu id="e4"><![CDATA[However, it is impossible to monitor this and collect more customized fees.]]></edu>
  <edu id="e5"><![CDATA[Just as with other choices in culture or infrastructure, public broadcasters are also to be financed, regardless of whether individuals make use of their programming or not.]]></edu>
  <adu id="a1" type="pro"/>
  <adu id="a2" type="opp"/>
  <adu id="a3" type="pro"/>
  <adu id="a4" type="pro"/>
  <adu id="a5" type="pro"/>
  <edge id="c2" src="a2" trg="a1" type="reb"/>
  <edge id="c3" src="a3" trg="a2" type="reb"/>
  <edge id="c4" src="a4" trg="c2" type="und"/>
  <edge id="c5" src="a5" trg="a1" type="sup"/>
  <edge id="c6" src="e1" trg="a1" type="seg"/>
  <edge id="c7" src="e2" trg="a2" type="seg"/>
  <edge id="c8" src="e3" trg="a3" type="seg"/>
  <edge id="c9" src="e4" trg="a4" type="seg"/>
  <edge id="c10" src="e5" trg="a5" type="seg"/>
</arggraph>