<?xml version='1.0' encoding='UTF-8'?>
<arggraph id="micro_c177">
  <edu id="e1"><![CDATA[If you do not have any siblings, you have all the attention of your parents and do not have to share.]]></edu>
  <edu id="e2"><![CDATA[Furthermore, you don't have any sibling rivalry.]]></edu>
  <edu id="e3"><![CDATA[You don't have to argue about which TV show to watch.]]></edu>
  <edu id="e4"><![CDATA[There is no pressure to do better than some one else.]]></edu>
  <edu id="e5"><![CDATA[Furthermore you do not have to be a role model for them.]]></edu>
  <edu id="e6"><![CDATA[It is good to be the only child.]]></edu>
  <adu id="a1" type="pro"/>
  <adu id="a2" type="pro"/>
  <adu id="a3" type="pro"/>
  <adu id="a4" type="pro"/>
  <adu id="a5" type="pro"/>
  <adu id="a6" type="pro"/>
  <edge id="c1" src="a1" trg="a6" type="sup"/>
  <edge id="c2" src="a2" trg="a6" type="sup"/>
  <edge id="c3" src="a3" trg="a2" type="exa"/>
  <edge id="c4" src="a4" trg="a6" type="sup"/>
  <edge id="c5" src="a5" trg="a6" type="sup"/>
  <edge id="c6" src="e1" trg="a1" type="seg"/>
  <edge id="c7" src="e2" trg="a2" type="seg"/>
  <edge id="c8" src="e3" trg="a3" type="seg"/>
  <edge id="c9" src="e4" trg="a4" type="seg"/>
  <edge id="c10" src="e5" trg="a5" type="seg"/>
  <edge id="c11" src="e6" trg="a6" type="seg"/>
</arggraph>