<?xml version='1.0' encoding='UTF-8'?>
<arggraph id="micro_k012">
  <edu id="e1"><![CDATA[German universities should on no account charge tuition fees.]]></edu>
  <edu id="e2"><![CDATA[This would simply mean that only those people with wealthy parents or a previous education and a part-time job while studying would be able to apply for a degree programme in the first place.]]></edu>
  <edu id="e3"><![CDATA[Even without tuition fees half of the student population has to work while studying and hence has less time for studying or recreation.]]></edu>
  <edu id="e4"><![CDATA[One could argue that an increase in tuition fees would allow institutions to be better equipped.]]></edu>
  <edu id="e5"><![CDATA[But what is the good of a wonderfully outfitted university if it doesn't actually allow the majority of clever people to broaden their horizons with all that great equipment?]]></edu>
  <adu id="a1" type="pro"/>
  <adu id="a2" type="pro"/>
  <adu id="a3" type="pro"/>
  <adu id="a4" type="opp"/>
  <adu id="a5" type="pro"/>
  <edge id="c2" src="a2" trg="a1" type="sup"/>
  <edge id="c3" src="a3" trg="a1" type="sup"/>
  <edge id="c4" src="a4" trg="a1" type="reb"/>
  <edge id="c5" src="a5" trg="c4" type="und"/>
  <edge id="c6" src="e1" trg="a1" type="seg"/>
  <edge id="c7" src="e2" trg="a2" type="seg"/>
  <edge id="c8" src="e3" trg="a3" type="seg"/>
  <edge id="c9" src="e4" trg="a4" type="seg"/>
  <edge id="c10" src="e5" trg="a5" type="seg"/>
</arggraph>