<?xml version='1.0' encoding='UTF-8'?>
<arggraph id="micro_b005">
  <edu id="e1"><![CDATA[Intelligence services must urgently be regulated more tightly by parliament;]]></edu>
  <edu id="e2"><![CDATA[this should be clear to everyone after the disclosures of Edward Snowden.]]></edu>
  <edu id="e3"><![CDATA[Granted, those concern primarily the British and American intelligence services,]]></edu>
  <edu id="e4"><![CDATA[but the German services evidently do collaborate with them closely.]]></edu>
  <edu id="e5"><![CDATA[Their tools, data and expertise have been used to keep us under surveillance for a long time.]]></edu>
  <adu id="a1" type="pro"/>
  <adu id="a2" type="pro"/>
  <adu id="a3" type="opp"/>
  <adu id="a4" type="pro"/>
  <adu id="a5" type="pro"/>
  <edge id="c2" src="a2" trg="a1" type="sup"/>
  <edge id="c3" src="a3" trg="c2" type="und"/>
  <edge id="c4" src="a4" trg="c3" type="und"/>
  <edge id="c5" src="a5" trg="a4" type="sup"/>
  <edge id="c6" src="e1" trg="a1" type="seg"/>
  <edge id="c7" src="e2" trg="a2" type="seg"/>
  <edge id="c8" src="e3" trg="a3" type="seg"/>
  <edge id="c9" src="e4" trg="a4" type="seg"/>
  <edge id="c10" src="e5" trg="a5" type="seg"/>
</arggraph>