<?xml version='1.0' encoding='UTF-8'?>
<arggraph id="micro_b017">
  <edu id="e1"><![CDATA[Rent prices should be limited by a cap when there's a change of tenant.]]></edu>
  <edu id="e2"><![CDATA[Landlords may want to earn as much as possible,]]></edu>
  <edu id="e3"><![CDATA[and many, consistent with market principles, are prepared to pay higher rents,]]></edu>
  <edu id="e4"><![CDATA[but that people with the same income suddenly must pay more and can't live in the same flat anymore seems implausible.]]></edu>
  <edu id="e5"><![CDATA[Gentrification destroys entire districts and their culture.]]></edu>
  <adu id="a1" type="pro"/>
  <adu id="a2" type="opp"/>
  <adu id="a3" type="opp"/>
  <adu id="a4" type="pro"/>
  <adu id="a5" type="pro"/>
  <edge id="c2" src="a2" trg="a1" type="reb"/>
  <edge id="c3" src="a3" trg="a1" type="reb"/>
  <edge id="c4" src="a4" trg="a1" type="sup"/>
  <edge id="c5" src="a5" trg="a1" type="sup"/>
  <edge id="c6" src="e1" trg="a1" type="seg"/>
  <edge id="c7" src="e2" trg="a2" type="seg"/>
  <edge id="c8" src="e3" trg="a3" type="seg"/>
  <edge id="c9" src="e4" trg="a4" type="seg"/>
  <edge id="c10" src="e5" trg="a5" type="seg"/>
</arggraph>