<?xml version='1.0' encoding='UTF-8'?>
<arggraph id="micro_k003">
  <edu id="e1"><![CDATA[Usually you only have eight weeks to complete a bachelor thesis in linguistics degrees.]]></edu>
  <edu id="e2"><![CDATA[Adjusting the portion of the total grade upwards anyway would not be commensurate to other study assignments and examinations.]]></edu>
  <edu id="e3"><![CDATA[Current regulations for the calculation of the total grade should therefore be maintained.]]></edu>
  <edu id="e4"><![CDATA[Indeed the preparation of such a scientific work is a fundamental competency that must be acquired in philological degrees.]]></edu>
  <edu id="e5"><![CDATA[Throughout the six or seven semesters, however, topics are covered that likewise ought to carry weight.]]></edu>
  <adu id="a1" type="pro"/>
  <adu id="a2" type="pro"/>
  <adu id="a3" type="pro"/>
  <adu id="a4" type="opp"/>
  <adu id="a5" type="pro"/>
  <edge id="c1" src="a1" trg="a3" type="sup"/>
  <edge id="c2" src="a2" trg="c1" type="add"/>
  <edge id="c4" src="a4" trg="a3" type="reb"/>
  <edge id="c5" src="a5" trg="c4" type="und"/>
  <edge id="c6" src="e1" trg="a1" type="seg"/>
  <edge id="c7" src="e2" trg="a2" type="seg"/>
  <edge id="c8" src="e3" trg="a3" type="seg"/>
  <edge id="c9" src="e4" trg="a4" type="seg"/>
  <edge id="c10" src="e5" trg="a5" type="seg"/>
</arggraph>