<?xml version='1.0' encoding='UTF-8'?>
<arggraph id="micro_c098">
  <edu id="e1"><![CDATA[Some believe that with the coming of computers and digital books paper and traditionally printed books will soon become obsolete.]]></edu>
  <edu id="e2"><![CDATA[This is very unlikely to happen]]></edu>
  <edu id="e3"><![CDATA[as physical media offers many benefits not shared by it's digital counterpart.]]></edu>
  <edu id="e4"><![CDATA[Things printed on paper can be viewed without any access to electricity.]]></edu>
  <edu id="e5"><![CDATA[Many people also experience discomfort when reading from a computer display for long periods.]]></edu>
  <edu id="e6"><![CDATA[Some say that digital storage is more secure than physical storage,]]></edu>
  <edu id="e7"><![CDATA[but there are many security issues with files stored on computers that are not shared by physical files,]]></edu>
  <edu id="e8"><![CDATA[such as the threat of hacking.]]></edu>
  <adu id="a1" type="pro"/>
  <adu id="a2" type="pro"/>
  <adu id="a3" type="pro"/>
  <adu id="a4" type="opp"/>
  <adu id="a5" type="pro"/>
  <adu id="a6" type="pro"/>
  <adu id="a7" type="pro"/>
  <adu id="a8" type="opp"/>
  <edge id="c1" src="a1" trg="a7" type="sup"/>
  <edge id="c2" src="a2" trg="a1" type="exa"/>
  <edge id="c3" src="a3" trg="a1" type="exa"/>
  <edge id="c4" src="a4" trg="a7" type="reb"/>
  <edge id="c5" src="a5" trg="a4" type="reb"/>
  <edge id="c6" src="a6" trg="a5" type="exa"/>
  <edge id="c7" src="a8" trg="a7" type="reb"/>
  <edge id="c8" src="e1" trg="a8" type="seg"/>
  <edge id="c9" src="e2" trg="a7" type="seg"/>
  <edge id="c10" src="e3" trg="a1" type="seg"/>
  <edge id="c11" src="e4" trg="a2" type="seg"/>
  <edge id="c12" src="e5" trg="a3" type="seg"/>
  <edge id="c13" src="e6" trg="a4" type="seg"/>
  <edge id="c14" src="e7" trg="a5" type="seg"/>
  <edge id="c15" src="e8" trg="a6" type="seg"/>
</arggraph>