<?xml version='1.0' encoding='UTF-8'?>
<arggraph id="micro_b064">
  <edu id="e1"><![CDATA[I think Berlin with its two inner-city airports was lucky not having to experience an airplane catastrophe for decades.]]></edu>
  <edu id="e2"><![CDATA[For safety reasons alone I find continued operation wrong.]]></edu>
  <edu id="e3"><![CDATA[Also, Berlin urgently needs inner-city areas for business and industry, and for housing.]]></edu>
  <edu id="e4"><![CDATA[Closing down Tegel will have health benefits for hundreds of thousands in the approach path.]]></edu>
  <edu id="e5"><![CDATA[These areas will be upgraded economically due to these factors (housing health and employment).]]></edu>
  <edu id="e6"><![CDATA[After the new BER Airport has been commissioned, Tegel should definitely be closed.]]></edu>
  <adu id="a1" type="pro"/>
  <adu id="a2" type="pro"/>
  <adu id="a3" type="pro"/>
  <adu id="a4" type="pro"/>
  <adu id="a5" type="pro"/>
  <adu id="a6" type="pro"/>
  <edge id="c1" src="a1" trg="a2" type="sup"/>
  <edge id="c2" src="a2" trg="a6" type="sup"/>
  <edge id="c3" src="a3" trg="a6" type="sup"/>
  <edge id="c4" src="a4" trg="a5" type="sup"/>
  <edge id="c5" src="a5" trg="a6" type="sup"/>
  <edge id="c6" src="e1" trg="a1" type="seg"/>
  <edge id="c7" src="e2" trg="a2" type="seg"/>
  <edge id="c8" src="e3" trg="a3" type="seg"/>
  <edge id="c9" src="e4" trg="a4" type="seg"/>
  <edge id="c10" src="e5" trg="a5" type="seg"/>
  <edge id="c11" src="e6" trg="a6" type="seg"/>
</arggraph>