<?xml version='1.0' encoding='UTF-8'?>
<arggraph id="micro_c082">
  <edu id="e1"><![CDATA[Being a vegetarian or vegan does not help the environment.]]></edu>
  <edu id="e2"><![CDATA[The amount of waste and pollution produced by farming vegetables is comparable to the waste expelled from processing meat.]]></edu>
  <edu id="e3"><![CDATA[Consuming no meat or animal products will not help the environment at all.]]></edu>
  <adu id="a1" type="pro"/>
  <adu id="a2" type="pro"/>
  <edge id="c1" src="a2" trg="a1" type="sup"/>
  <edge id="c2" src="e1" trg="a1" type="seg"/>
  <edge id="c3" src="e2" trg="a2" type="seg"/>
  <edge id="c4" src="e3" trg="a1" type="seg"/>
</arggraph>