<?xml version='1.0' encoding='UTF-8'?>
<arggraph id="micro_b030">
  <edu id="e1"><![CDATA[School uniforms should not be worn in our schools.]]></edu>
  <edu id="e2"><![CDATA[They do offer the benefit that the competition over brand-name clothes and the discrimination of the socially weak are prevented.]]></edu>
  <edu id="e3"><![CDATA[Nevertheless hardly anyone wishes to dress themselves or their children in a standard uniform.]]></edu>
  <edu id="e4"><![CDATA[Plus such uniforms also stand for ideological conformity and for the suppression of individual self-development.]]></edu>
  <adu id="a1" type="pro"/>
  <adu id="a2" type="opp"/>
  <adu id="a3" type="pro"/>
  <adu id="a4" type="pro"/>
  <edge id="c2" src="a2" trg="a1" type="reb"/>
  <edge id="c3" src="a3" trg="c2" type="und"/>
  <edge id="c4" src="a4" trg="a1" type="sup"/>
  <edge id="c5" src="e1" trg="a1" type="seg"/>
  <edge id="c6" src="e2" trg="a2" type="seg"/>
  <edge id="c7" src="e3" trg="a3" type="seg"/>
  <edge id="c8" src="e4" trg="a4" type="seg"/>
</arggraph>