<?xml version='1.0' encoding='UTF-8'?>
<arggraph id="micro_c205">
  <edu id="e1"><![CDATA[Large families are not necessarily better for children.]]></edu>
  <edu id="e2"><![CDATA[Having a larger family causes each member to feel like they have to excel or act out for attention.]]></edu>
  <edu id="e3"><![CDATA[One could argue that with a larger family, the children would have more people to rely on.]]></edu>
  <edu id="e4"><![CDATA[However, this could also cause disturbances and jealousy.]]></edu>
  <edu id="e5"><![CDATA[Smaller families have the potential to be tighter and more close knit due to their size.]]></edu>
  <adu id="a1" type="pro"/>
  <adu id="a2" type="pro"/>
  <adu id="a3" type="opp"/>
  <adu id="a4" type="pro"/>
  <adu id="a5" type="pro"/>
  <edge id="c1" src="a2" trg="a1" type="sup"/>
  <edge id="c2" src="a3" trg="a1" type="reb"/>
  <edge id="c3" src="a4" trg="c2" type="und"/>
  <edge id="c4" src="a5" trg="a1" type="sup"/>
  <edge id="c5" src="e1" trg="a1" type="seg"/>
  <edge id="c6" src="e2" trg="a2" type="seg"/>
  <edge id="c7" src="e3" trg="a3" type="seg"/>
  <edge id="c8" src="e4" trg="a4" type="seg"/>
  <edge id="c9" src="e5" trg="a5" type="seg"/>
</arggraph>