<?xml version='1.0' encoding='UTF-8'?>
<arggraph id="micro_c126">
  <edu id="e1"><![CDATA[There is not a way to handle nuclear waste responsibly.]]></edu>
  <edu id="e2"><![CDATA[Humans are prone to error.]]></edu>
  <edu id="e3"><![CDATA[No system is perfect.]]></edu>
  <edu id="e4"><![CDATA[Eventually there will be a leak or some other disastrous scenario]]></edu>
  <edu id="e5"><![CDATA[and we won't be able to undo it.]]></edu>
  <edu id="e6"><![CDATA[It could be handled ""responsibly"" for a time, possibly even a long time,]]></edu>
  <edu id="e7"><![CDATA[but eventually human error will occur.]]></edu>
  <adu id="a1" type="pro"/>
  <adu id="a2" type="pro"/>
  <adu id="a3" type="pro"/>
  <adu id="a4" type="pro"/>
  <adu id="a5" type="pro"/>
  <adu id="a6" type="opp"/>
  <edge id="c1" src="a2" trg="a4" type="sup"/>
  <edge id="c2" src="a3" trg="a4" type="sup"/>
  <edge id="c3" src="a4" trg="a1" type="sup"/>
  <edge id="c4" src="a5" trg="c3" type="add"/>
  <edge id="c5" src="a6" trg="a1" type="reb"/>
  <edge id="c6" src="e1" trg="a1" type="seg"/>
  <edge id="c7" src="e2" trg="a2" type="seg"/>
  <edge id="c8" src="e3" trg="a3" type="seg"/>
  <edge id="c9" src="e4" trg="a4" type="seg"/>
  <edge id="c10" src="e5" trg="a5" type="seg"/>
  <edge id="c11" src="e6" trg="a6" type="seg"/>
  <edge id="c12" src="e7" trg="a1" type="seg"/>
</arggraph>