<?xml version='1.0' encoding='UTF-8'?>
<arggraph id="micro_c097">
  <edu id="e1"><![CDATA[LED lights do cost more than traditional incandescent bulbs.]]></edu>
  <edu id="e2"><![CDATA[But in the long run, they will help save energy.]]></edu>
  <edu id="e3"><![CDATA[They use 25 to 80 percent less power.]]></edu>
  <edu id="e4"><![CDATA[They also can last for years, meaning they will not need to be replaced as often.]]></edu>
  <edu id="e5"><![CDATA[By swapping out all light bulbs in your home or business with LED lights, you should see a noticeable drop in energy consumption.]]></edu>
  <adu id="a1" type="pro"/>
  <adu id="a2" type="pro"/>
  <adu id="a3" type="pro"/>
  <adu id="a4" type="opp"/>
  <adu id="a5" type="pro"/>
  <edge id="c1" src="a2" trg="a5" type="sup"/>
  <edge id="c2" src="a3" trg="a1" type="sup"/>
  <edge id="c3" src="a4" trg="a1" type="reb"/>
  <edge id="c4" src="a5" trg="c3" type="und"/>
  <edge id="c5" src="e1" trg="a4" type="seg"/>
  <edge id="c6" src="e2" trg="a5" type="seg"/>
  <edge id="c7" src="e3" trg="a2" type="seg"/>
  <edge id="c8" src="e4" trg="a3" type="seg"/>
  <edge id="c9" src="e5" trg="a1" type="seg"/>
</arggraph>