<?xml version='1.0' encoding='UTF-8'?>
<arggraph id="micro_b019">
  <edu id="e1"><![CDATA[It is desirable that no one channels his or her wealth past the tax authorities.]]></edu>
  <edu id="e2"><![CDATA[Those who do or try to should be held accountable if at all possible.]]></edu>
  <edu id="e3"><![CDATA[Having said that, state funds are often wasted on nonsensical investments,]]></edu>
  <edu id="e4"><![CDATA[so that this ideal appears unworthy of support in many ways.]]></edu>
  <edu id="e5"><![CDATA[Besides, the trading of information is obviously driven by greed of gain.]]></edu>
  <edu id="e6"><![CDATA[Tax data that are not made available for free should therefore not be acquired by the state.]]></edu>
  <adu id="a1" type="opp"/>
  <adu id="a2" type="opp"/>
  <adu id="a3" type="pro"/>
  <adu id="a4" type="pro"/>
  <adu id="a5" type="pro"/>
  <adu id="a6" type="pro"/>
  <edge id="c1" src="a1" trg="a2" type="sup"/>
  <edge id="c2" src="a2" trg="a6" type="reb"/>
  <edge id="c3" src="a3" trg="a4" type="sup"/>
  <edge id="c4" src="a4" trg="a6" type="sup"/>
  <edge id="c5" src="a5" trg="a6" type="sup"/>
  <edge id="c6" src="e1" trg="a1" type="seg"/>
  <edge id="c7" src="e2" trg="a2" type="seg"/>
  <edge id="c8" src="e3" trg="a3" type="seg"/>
  <edge id="c9" src="e4" trg="a4" type="seg"/>
  <edge id="c10" src="e5" trg="a5" type="seg"/>
  <edge id="c11" src="e6" trg="a6" type="seg"/>
</arggraph>