<?xml version='1.0' encoding='UTF-8'?>
<arggraph id="micro_c057">
  <edu id="e1"><![CDATA[Protecting our environment is crucial to combating climate change,]]></edu>
  <edu id="e2"><![CDATA[one small change is to promote the recycling of soft drink bottles and cans.]]></edu>
  <edu id="e3"><![CDATA[This is a simple way to reuse plastic and other materials, to decrease the amount of gas that it harvested.]]></edu>
  <edu id="e4"><![CDATA[By developing a small deposit on these cans]]></edu>
  <edu id="e5"><![CDATA[you encourage people to pick these cans up along the road]]></edu>
  <edu id="e6"><![CDATA[thus creating a cleaner environment.]]></edu>
  <edu id="e7"><![CDATA[It is also a benefit as it encourages people to go to stores to recycle]]></edu>
  <edu id="e8"><![CDATA[and then spend that money at the shop increasing the amount spent at the store]]></edu>
  <edu id="e9"><![CDATA[and encouraging economic growth.]]></edu>
  <adu id="a1" type="pro"/>
  <adu id="a2" type="pro"/>
  <adu id="a3" type="pro"/>
  <adu id="a4" type="pro"/>
  <adu id="a5" type="pro"/>
  <adu id="a6" type="pro"/>
  <adu id="a7" type="pro"/>
  <adu id="a8" type="pro"/>
  <adu id="a9" type="pro"/>
  <edge id="c1" src="a1" trg="a2" type="sup"/>
  <edge id="c2" src="a2" trg="a4" type="sup"/>
  <edge id="c3" src="a3" trg="a2" type="sup"/>
  <edge id="c4" src="a5" trg="a4" type="sup"/>
  <edge id="c5" src="a6" trg="a5" type="sup"/>
  <edge id="c6" src="a7" trg="a4" type="sup"/>
  <edge id="c7" src="a8" trg="a7" type="sup"/>
  <edge id="c8" src="a9" trg="a8" type="sup"/>
  <edge id="c9" src="e1" trg="a1" type="seg"/>
  <edge id="c10" src="e2" trg="a2" type="seg"/>
  <edge id="c11" src="e3" trg="a3" type="seg"/>
  <edge id="c12" src="e4" trg="a4" type="seg"/>
  <edge id="c13" src="e5" trg="a5" type="seg"/>
  <edge id="c14" src="e6" trg="a6" type="seg"/>
  <edge id="c15" src="e7" trg="a7" type="seg"/>
  <edge id="c16" src="e8" trg="a8" type="seg"/>
  <edge id="c17" src="e9" trg="a9" type="seg"/>
</arggraph>