<?xml version='1.0' encoding='UTF-8'?>
<arggraph id="micro_c037">
  <edu id="e1"><![CDATA[I do not believe movies have any effect on relationships.]]></edu>
  <edu id="e2"><![CDATA[If one blamed a movie for their relationship problems, they are in denial about issues that are already there.]]></edu>
  <edu id="e3"><![CDATA[Movies are an escape]]></edu>
  <edu id="e4"><![CDATA[and most people know things are sugar coated and not like real life in most cases.]]></edu>
  <adu id="a1" type="pro"/>
  <adu id="a2" type="pro"/>
  <adu id="a3" type="pro"/>
  <adu id="a4" type="pro"/>
  <edge id="c1" src="a2" trg="a1" type="sup"/>
  <edge id="c2" src="a3" trg="a1" type="sup"/>
  <edge id="c3" src="a4" trg="c2" type="add"/>
  <edge id="c4" src="e1" trg="a1" type="seg"/>
  <edge id="c5" src="e2" trg="a2" type="seg"/>
  <edge id="c6" src="e3" trg="a3" type="seg"/>
  <edge id="c7" src="e4" trg="a4" type="seg"/>
</arggraph>