<?xml version='1.0' encoding='UTF-8'?>
<arggraph id="micro_b046">
  <edu id="e1"><![CDATA[Intelligence services apparently enjoy indiscriminate liberties.]]></edu>
  <edu id="e2"><![CDATA[No one can follow their activities in detail.]]></edu>
  <edu id="e3"><![CDATA[Of course a certain level of secrecy is the basis for the work of intelligence services.]]></edu>
  <edu id="e4"><![CDATA[The unregulated work of the secret services, however, carries the danger of misuse of their authority.]]></edu>
  <edu id="e5"><![CDATA[That's why intelligence services must be regulated in the framework of parliamentary oversight committees.]]></edu>
  <adu id="a1" type="pro"/>
  <adu id="a2" type="pro"/>
  <adu id="a3" type="opp"/>
  <adu id="a4" type="pro"/>
  <adu id="a5" type="pro"/>
  <edge id="c1" src="a1" trg="a2" type="sup"/>
  <edge id="c2" src="a2" trg="a5" type="sup"/>
  <edge id="c3" src="a3" trg="c2" type="und"/>
  <edge id="c4" src="a4" trg="c3" type="und"/>
  <edge id="c6" src="e1" trg="a1" type="seg"/>
  <edge id="c7" src="e2" trg="a2" type="seg"/>
  <edge id="c8" src="e3" trg="a3" type="seg"/>
  <edge id="c9" src="e4" trg="a4" type="seg"/>
  <edge id="c10" src="e5" trg="a5" type="seg"/>
</arggraph>