<?xml version='1.0' encoding='UTF-8'?>
<arggraph id="micro_c159">
  <edu id="e1"><![CDATA[Teenage marriages are not a good idea.]]></edu>
  <edu id="e2"><![CDATA[People in their teens are still developing and figuring out what they want in life.]]></edu>
  <edu id="e3"><![CDATA[The influence of another can make things seem like that is what they want,]]></edu>
  <edu id="e4"><![CDATA[but they might be putting off personal desires because of that person.]]></edu>
  <edu id="e5"><![CDATA[Also, it takes time to work and save enough money to live independently, so getting married may pave the way for kids,]]></edu>
  <edu id="e6"><![CDATA[but it can be a lot harder to support children when you are young.]]></edu>
  <adu id="a1" type="pro"/>
  <adu id="a2" type="pro"/>
  <adu id="a3" type="pro"/>
  <adu id="a4" type="pro"/>
  <adu id="a5" type="opp"/>
  <adu id="a6" type="pro"/>
  <edge id="c1" src="a2" trg="a1" type="sup"/>
  <edge id="c2" src="a3" trg="a2" type="sup"/>
  <edge id="c3" src="a4" trg="a1" type="sup"/>
  <edge id="c4" src="a5" trg="a1" type="reb"/>
  <edge id="c5" src="a6" trg="a5" type="reb"/>
  <edge id="c6" src="e1" trg="a1" type="seg"/>
  <edge id="c7" src="e2" trg="a4" type="seg"/>
  <edge id="c8" src="e3" trg="a5" type="seg"/>
  <edge id="c9" src="e4" trg="a6" type="seg"/>
  <edge id="c10" src="e5" trg="a3" type="seg"/>
  <edge id="c11" src="e6" trg="a2" type="seg"/>
</arggraph>