<?xml version='1.0' encoding='UTF-8'?>
<arggraph id="micro_d02">
  <edu id="e1"><![CDATA[Berlin's basketball team has just come out of a sobering season.]]></edu>
  <edu id="e2"><![CDATA[Especially the home games have seen the team stay behind expectations.]]></edu>
  <edu id="e3"><![CDATA[A sad highlight: Losing 60:87 to the weakish Mannheimers in a sold-out stadium.]]></edu>
  <edu id="e4"><![CDATA[Indeed the team ended up third in the league,]]></edu>
  <edu id="e5"><![CDATA[but given the cost of the star-players one could've expected more.]]></edu>
  <adu id="a1" type="pro"/>
  <adu id="a2" type="pro"/>
  <adu id="a3" type="pro"/>
  <adu id="a4" type="opp"/>
  <adu id="a5" type="pro"/>
  <edge id="c2" src="a2" trg="a1" type="sup"/>
  <edge id="c3" src="a3" trg="a2" type="exa"/>
  <edge id="c4" src="a4" trg="a1" type="reb"/>
  <edge id="c5" src="a5" trg="c4" type="und"/>
  <edge id="c6" src="e1" trg="a1" type="seg"/>
  <edge id="c7" src="e2" trg="a2" type="seg"/>
  <edge id="c8" src="e3" trg="a3" type="seg"/>
  <edge id="c9" src="e4" trg="a4" type="seg"/>
  <edge id="c10" src="e5" trg="a5" type="seg"/>
</arggraph>