<?xml version='1.0' encoding='UTF-8'?>
<arggraph id="micro_k014">
  <edu id="e1"><![CDATA[Intelligence services should be more closely regulated by parliament,]]></edu>
  <edu id="e2"><![CDATA[for, as the most recent NSA wiretapping scandal has shown, the federal state government is allegedly not always familiar with the scope of operations of its intelligence services.]]></edu>
  <edu id="e3"><![CDATA[Checks could contribute to restricting the so far rather opaque scope of action of individual services.]]></edu>
  <edu id="e4"><![CDATA[Yet it remains questionable whether the actual implementation of such supervision would at the same time lead to a stronger observance of laws,]]></edu>
  <edu id="e5"><![CDATA[as ultimately this decision is in the hands of the respective government leaders.]]></edu>
  <adu id="a1" type="pro"/>
  <adu id="a2" type="pro"/>
  <adu id="a3" type="pro"/>
  <adu id="a4" type="opp"/>
  <adu id="a5" type="opp"/>
  <edge id="c2" src="a2" trg="a1" type="sup"/>
  <edge id="c3" src="a3" trg="a1" type="sup"/>
  <edge id="c4" src="a4" trg="a1" type="reb"/>
  <edge id="c5" src="a5" trg="a4" type="sup"/>
  <edge id="c6" src="e1" trg="a1" type="seg"/>
  <edge id="c7" src="e2" trg="a2" type="seg"/>
  <edge id="c8" src="e3" trg="a3" type="seg"/>
  <edge id="c9" src="e4" trg="a4" type="seg"/>
  <edge id="c10" src="e5" trg="a5" type="seg"/>
</arggraph>