<?xml version='1.0' encoding='UTF-8'?>
<arggraph id="micro_k018">
  <edu id="e1"><![CDATA[Our society is in danger of overheating due to 'never clocking off'.]]></edu>
  <edu id="e2"><![CDATA[Even though politicians stress the Christian character of our country,]]></edu>
  <edu id="e3"><![CDATA[the last 20 years have seen the Sunday off work increasingly sacrificed to commerce.]]></edu>
  <edu id="e4"><![CDATA[But after all, the purpose of having a day off is not just to make time to go to church.]]></edu>
  <edu id="e5"><![CDATA[Rather it should give people the chance to have a mental break.]]></edu>
  <edu id="e6"><![CDATA[That's why there ought to be one day a week when supermarkets and shopping centres stay closed.]]></edu>
  <adu id="a1" type="pro"/>
  <adu id="a2" type="opp"/>
  <adu id="a3" type="pro"/>
  <adu id="a4" type="pro"/>
  <adu id="a5" type="pro"/>
  <adu id="a6" type="pro"/>
  <edge id="c1" src="a1" trg="a6" type="sup"/>
  <edge id="c2" src="a2" trg="a3" type="reb"/>
  <edge id="c3" src="a3" trg="a1" type="sup"/>
  <edge id="c4" src="a4" trg="a6" type="sup"/>
  <edge id="c5" src="a5" trg="a6" type="sup"/>
  <edge id="c7" src="e1" trg="a1" type="seg"/>
  <edge id="c8" src="e2" trg="a2" type="seg"/>
  <edge id="c9" src="e3" trg="a3" type="seg"/>
  <edge id="c10" src="e4" trg="a4" type="seg"/>
  <edge id="c11" src="e5" trg="a5" type="seg"/>
  <edge id="c12" src="e6" trg="a6" type="seg"/>
</arggraph>