<?xml version='1.0' encoding='UTF-8'?>
<arggraph id="micro_c020">
  <edu id="e1"><![CDATA[To some extent cell phones and social media have made families closer.]]></edu>
  <edu id="e2"><![CDATA[They have allowed for easier communication,]]></edu>
  <edu id="e3"><![CDATA[so that means families are communicating when they otherwise wouldn't have.]]></edu>
  <edu id="e4"><![CDATA[This is likely to bring them closer together on average.]]></edu>
  <adu id="a1" type="pro"/>
  <adu id="a2" type="pro"/>
  <adu id="a3" type="pro"/>
  <edge id="c1" src="a2" trg="a1" type="sup"/>
  <edge id="c2" src="a3" trg="a2" type="sup"/>
  <edge id="c3" src="e1" trg="a1" type="seg"/>
  <edge id="c4" src="e2" trg="a3" type="seg"/>
  <edge id="c5" src="e3" trg="a2" type="seg"/>
  <edge id="c6" src="e4" trg="a1" type="seg"/>
</arggraph>