<?xml version='1.0' encoding='UTF-8'?>
<arggraph id="micro_c142">
  <edu id="e1"><![CDATA[The government can regulate electric companies so that they have to incorporate more wind energy into their plans. By forcing them to use wind energy this will indeed speed it up.]]></edu>
  <edu id="e2"><![CDATA[Also as more and more customers are offered it in their utility plans and thus, there will be an increase in demand for it which will speed it up also.]]></edu>
  <edu id="e3"><![CDATA[There are those that say that government regulation always comes with too much red tape and inevitably slows progress.]]></edu>
  <edu id="e4"><![CDATA[In the case of wind energy, even with red tape regulation can only speed up the spread.]]></edu>
  <edu id="e5"><![CDATA[Without regulation companies will not use it.]]></edu>
  <adu id="a1" type="pro"/>
  <adu id="a2" type="pro"/>
  <adu id="a3" type="opp"/>
  <adu id="a4" type="pro"/>
  <adu id="a5" type="pro"/>
  <edge id="c1" src="a2" trg="a1" type="sup"/>
  <edge id="c2" src="a3" trg="a1" type="reb"/>
  <edge id="c3" src="a4" trg="a3" type="reb"/>
  <edge id="c4" src="a5" trg="a4" type="sup"/>
  <edge id="c5" src="e1" trg="a1" type="seg"/>
  <edge id="c6" src="e2" trg="a2" type="seg"/>
  <edge id="c7" src="e3" trg="a3" type="seg"/>
  <edge id="c8" src="e4" trg="a4" type="seg"/>
  <edge id="c9" src="e5" trg="a5" type="seg"/>
</arggraph>