<?xml version='1.0' encoding='UTF-8'?>
<arggraph id="micro_b053">
  <edu id="e1"><![CDATA[Many people see proven relief of their symptoms and complaints by complementary medicine.]]></edu>
  <edu id="e2"><![CDATA[However there is no substantiated data that this healing isn't simply due to the placebo effect.]]></edu>
  <edu id="e3"><![CDATA[Besides many practices in this field are not regulated professions,]]></edu>
  <edu id="e4"><![CDATA[which means that quacks and phonies can practice these occupations unknown to the patients.]]></edu>
  <edu id="e5"><![CDATA[That's why the statutory health insurance companies should not cover such treatments.]]></edu>
  <edu id="e6"><![CDATA[It would be conceivable to invest more into the training and control of this occupation sector on the part of the state.]]></edu>
  <adu id="a1" type="opp"/>
  <adu id="a2" type="pro"/>
  <adu id="a3" type="pro"/>
  <adu id="a4" type="pro"/>
  <adu id="a5" type="pro"/>
  <adu id="a6" type="opp"/>
  <edge id="c1" src="a1" trg="a5" type="reb"/>
  <edge id="c2" src="a2" trg="c1" type="und"/>
  <edge id="c3" src="a3" trg="a4" type="sup"/>
  <edge id="c4" src="a4" trg="a5" type="sup"/>
  <edge id="c6" src="a6" trg="a5" type="reb"/>
  <edge id="c7" src="e1" trg="a1" type="seg"/>
  <edge id="c8" src="e2" trg="a2" type="seg"/>
  <edge id="c9" src="e3" trg="a3" type="seg"/>
  <edge id="c10" src="e4" trg="a4" type="seg"/>
  <edge id="c11" src="e5" trg="a5" type="seg"/>
  <edge id="c12" src="e6" trg="a6" type="seg"/>
</arggraph>