<?xml version='1.0' encoding='UTF-8'?>
<arggraph id="micro_c150">
  <edu id="e1"><![CDATA[Kids can't recover from a divorce,]]></edu>
  <edu id="e2"><![CDATA[because it is very disturbing for them.]]></edu>
  <edu id="e3"><![CDATA[It can affect their whole life and it is very sad.]]></edu>
  <edu id="e4"><![CDATA[It makes them feel loss of relationship, trust, love, etc.]]></edu>
  <adu id="a1" type="pro"/>
  <adu id="a2" type="pro"/>
  <adu id="a3" type="pro"/>
  <adu id="a4" type="pro"/>
  <edge id="c1" src="a2" trg="a1" type="sup"/>
  <edge id="c2" src="a3" trg="a1" type="sup"/>
  <edge id="c3" src="a4" trg="a1" type="sup"/>
  <edge id="c4" src="e1" trg="a1" type="seg"/>
  <edge id="c5" src="e2" trg="a2" type="seg"/>
  <edge id="c6" src="e3" trg="a3" type="seg"/>
  <edge id="c7" src="e4" trg="a4" type="seg"/>
</arggraph>