<?xml version='1.0' encoding='UTF-8'?>
<arggraph id="micro_c003">
  <edu id="e1"><![CDATA[We should continue hunting]]></edu>
  <edu id="e2"><![CDATA[as it provides a sustainable resource.]]></edu>
  <edu id="e3"><![CDATA[Hunting thins the herd of animals and makes the group as a whole healthier.]]></edu>
  <edu id="e4"><![CDATA[Some would argue that hunting puts a species at risk for extinction,]]></edu>
  <edu id="e5"><![CDATA[but good wildlife management practices mitigate this risk.]]></edu>
  <edu id="e6"><![CDATA[Overall, hunting poses no real threat to the environment.]]></edu>
  <adu id="a1" type="pro"/>
  <adu id="a2" type="pro"/>
  <adu id="a3" type="pro"/>
  <adu id="a4" type="opp"/>
  <adu id="a5" type="pro"/>
  <edge id="c1" src="a2" trg="a1" type="sup"/>
  <edge id="c2" src="a3" trg="a2" type="sup"/>
  <edge id="c3" src="a4" trg="a1" type="reb"/>
  <edge id="c4" src="a5" trg="c3" type="und"/>
  <edge id="c5" src="e1" trg="a1" type="seg"/>
  <edge id="c6" src="e2" trg="a2" type="seg"/>
  <edge id="c7" src="e3" trg="a3" type="seg"/>
  <edge id="c8" src="e4" trg="a4" type="seg"/>
  <edge id="c9" src="e5" trg="a5" type="seg"/>
  <edge id="c10" src="e6" trg="a1" type="seg"/>
</arggraph>