<?xml version='1.0' encoding='UTF-8'?>
<arggraph id="micro_c118">
  <edu id="e1"><![CDATA[Living in a city where pollution is an excessive problem is not a good idea.]]></edu>
  <edu id="e2"><![CDATA[Even if good employment was secured,]]></edu>
  <edu id="e3"><![CDATA[I would only be contributing to the pollution problem by adding myself and my family.]]></edu>
  <edu id="e4"><![CDATA[One could argue that having a job that pays well would outweigh any negative impacts to the environment,]]></edu>
  <edu id="e5"><![CDATA[and that supporting oneself and one's family is more important than protecting the environment.]]></edu>
  <edu id="e6"><![CDATA[However, I believe it is everyone's responsibility to act in a way that protects our environment for our future generations.]]></edu>
  <adu id="a1" type="pro"/>
  <adu id="a2" type="opp"/>
  <adu id="a3" type="pro"/>
  <adu id="a4" type="opp"/>
  <adu id="a5" type="opp"/>
  <adu id="a6" type="pro"/>
  <edge id="c1" src="a2" trg="a1" type="reb"/>
  <edge id="c2" src="a3" trg="c1" type="und"/>
  <edge id="c3" src="a4" trg="c2" type="und"/>
  <edge id="c4" src="a5" trg="a4" type="sup"/>
  <edge id="c5" src="a6" trg="a4" type="reb"/>
  <edge id="c6" src="e1" trg="a1" type="seg"/>
  <edge id="c7" src="e2" trg="a2" type="seg"/>
  <edge id="c8" src="e3" trg="a3" type="seg"/>
  <edge id="c9" src="e4" trg="a4" type="seg"/>
  <edge id="c10" src="e5" trg="a5" type="seg"/>
  <edge id="c11" src="e6" trg="a6" type="seg"/>
</arggraph>