<?xml version='1.0' encoding='UTF-8'?>
<arggraph id="micro_c042">
  <edu id="e1"><![CDATA[Yes, expectations raised by romantic movies can be damaging to real relationships.]]></edu>
  <edu id="e2"><![CDATA[Romantic movies set high expectations for relationships, sometimes even unrealistic.]]></edu>
  <edu id="e3"><![CDATA[In romantic movies, they do not show the truth behind a real romantic relationship.]]></edu>
  <edu id="e4"><![CDATA[It only shows the good, positive side of the relationship, not the genuine, real difficult times the couple goes through.]]></edu>
  <adu id="a1" type="pro"/>
  <adu id="a2" type="pro"/>
  <adu id="a3" type="pro"/>
  <adu id="a4" type="pro"/>
  <edge id="c1" src="a2" trg="a1" type="sup"/>
  <edge id="c2" src="a3" trg="a2" type="sup"/>
  <edge id="c3" src="a4" trg="a3" type="sup"/>
  <edge id="c4" src="e1" trg="a1" type="seg"/>
  <edge id="c5" src="e2" trg="a2" type="seg"/>
  <edge id="c6" src="e3" trg="a3" type="seg"/>
  <edge id="c7" src="e4" trg="a4" type="seg"/>
</arggraph>