<?xml version='1.0' encoding='UTF-8'?>
<arggraph id="micro_c168">
  <edu id="e1"><![CDATA[Helicopter parents, in spite of their good intentions, often suffocate their children with too much attention.]]></edu>
  <edu id="e2"><![CDATA[Kids need to have some freedom to have some of their time for themselves.]]></edu>
  <edu id="e3"><![CDATA[If they aren't allowed the freedom to make some of their own decision, and mistakes, they have an unreasonable expectation that everything will always be laid out in a straight, structured line.]]></edu>
  <edu id="e4"><![CDATA[However, the helicopter children do perform better in school and have an opportunity to do much more extracurricular activities.]]></edu>
  <edu id="e5"><![CDATA[In summary, kids need to be able to be kids.]]></edu>
  <edu id="e6"><![CDATA[Helicopter parents are bad for children.]]></edu>
  <adu id="a1" type="pro"/>
  <adu id="a2" type="pro"/>
  <adu id="a3" type="pro"/>
  <adu id="a4" type="pro"/>
  <adu id="a5" type="opp"/>
  <adu id="a6" type="pro"/>
  <edge id="c1" src="a2" trg="a3" type="sup"/>
  <edge id="c2" src="a3" trg="a1" type="sup"/>
  <edge id="c3" src="a4" trg="a1" type="sup"/>
  <edge id="c4" src="a5" trg="a1" type="reb"/>
  <edge id="c5" src="a6" trg="a1" type="sup"/>
  <edge id="c6" src="e1" trg="a4" type="seg"/>
  <edge id="c7" src="e2" trg="a3" type="seg"/>
  <edge id="c8" src="e3" trg="a2" type="seg"/>
  <edge id="c9" src="e4" trg="a5" type="seg"/>
  <edge id="c10" src="e5" trg="a6" type="seg"/>
  <edge id="c11" src="e6" trg="a1" type="seg"/>
</arggraph>