<?xml version='1.0' encoding='UTF-8'?>
<arggraph id="micro_c174">
  <edu id="e1"><![CDATA[Helicopter parenting has proven to be detrimental to the success of children.]]></edu>
  <edu id="e2"><![CDATA[Over involvement in the work, production, and affairs of children impact the child's ability to face consequences and experiences good and bad decisions.]]></edu>
  <edu id="e3"><![CDATA[While one can argue that this type of parenting style benefits a child due to the active involvement and guidance by a parent]]></edu>
  <edu id="e4"><![CDATA[there are few arguments to support.]]></edu>
  <edu id="e5"><![CDATA[Children need to learn, make their own choices, and live with the consequences of their actions in order to grow and development.]]></edu>
  <adu id="a1" type="pro"/>
  <adu id="a2" type="pro"/>
  <adu id="a3" type="opp"/>
  <adu id="a4" type="pro"/>
  <adu id="a5" type="pro"/>
  <edge id="c1" src="a2" trg="a1" type="sup"/>
  <edge id="c2" src="a3" trg="a1" type="reb"/>
  <edge id="c3" src="a4" trg="c2" type="und"/>
  <edge id="c4" src="a5" trg="a1" type="sup"/>
  <edge id="c5" src="e1" trg="a1" type="seg"/>
  <edge id="c6" src="e2" trg="a2" type="seg"/>
  <edge id="c7" src="e3" trg="a3" type="seg"/>
  <edge id="c8" src="e4" trg="a4" type="seg"/>
  <edge id="c9" src="e5" trg="a5" type="seg"/>
</arggraph>