<?xml version='1.0' encoding='UTF-8'?>
<arggraph id="micro_c029">
  <edu id="e1"><![CDATA[There should be no upper or lower limit on how long people date before becoming engaged.]]></edu>
  <edu id="e2"><![CDATA[Everyone has their own circumstances.]]></edu>
  <edu id="e3"><![CDATA[Some people may be more comfortable with extended dating.]]></edu>
  <edu id="e4"><![CDATA[Others may prefer the custom of arranged marriages, where no dating takes place.]]></edu>
  <edu id="e5"><![CDATA[Therefore there's no simple hard and fast rule that suffices for this question.]]></edu>
  <adu id="a1" type="pro"/>
  <adu id="a2" type="pro"/>
  <adu id="a3" type="pro"/>
  <adu id="a4" type="pro"/>
  <edge id="c1" src="a2" trg="a1" type="sup"/>
  <edge id="c2" src="a3" trg="a2" type="sup"/>
  <edge id="c3" src="a4" trg="c2" type="add"/>
  <edge id="c4" src="e1" trg="a1" type="seg"/>
  <edge id="c5" src="e2" trg="a2" type="seg"/>
  <edge id="c6" src="e3" trg="a3" type="seg"/>
  <edge id="c7" src="e4" trg="a4" type="seg"/>
  <edge id="c8" src="e5" trg="a1" type="seg"/>
</arggraph>