<?xml version='1.0' encoding='UTF-8'?>
<arggraph id="micro_c158">
  <edu id="e1"><![CDATA[Teenage marriages are not a good idea.]]></edu>
  <edu id="e2"><![CDATA[Teenage years are critical for brain development.]]></edu>
  <edu id="e3"><![CDATA[It is proven that brains are not fully developed into well into the early twenties.]]></edu>
  <edu id="e4"><![CDATA[Teens are still children and]]></edu>
  <edu id="e5"><![CDATA[are not ready for responsibility that marriages bring.]]></edu>
  <edu id="e6"><![CDATA[There is no harm in waiting a few years.]]></edu>
  <adu id="a1" type="pro"/>
  <adu id="a2" type="pro"/>
  <adu id="a3" type="pro"/>
  <adu id="a4" type="pro"/>
  <adu id="a5" type="pro"/>
  <adu id="a6" type="pro"/>
  <edge id="c1" src="a2" trg="a1" type="sup"/>
  <edge id="c2" src="a3" trg="a2" type="sup"/>
  <edge id="c3" src="a4" trg="a5" type="sup"/>
  <edge id="c4" src="a5" trg="a1" type="sup"/>
  <edge id="c5" src="a6" trg="a1" type="sup"/>
  <edge id="c6" src="e1" trg="a1" type="seg"/>
  <edge id="c7" src="e2" trg="a2" type="seg"/>
  <edge id="c8" src="e3" trg="a3" type="seg"/>
  <edge id="c9" src="e4" trg="a4" type="seg"/>
  <edge id="c10" src="e5" trg="a5" type="seg"/>
  <edge id="c11" src="e6" trg="a6" type="seg"/>
</arggraph>