<?xml version='1.0' encoding='UTF-8'?>
<arggraph id="micro_k021">
  <edu id="e1"><![CDATA['Property entails commitment' is one of the tenets of our social order.]]></edu>
  <edu id="e2"><![CDATA[Everyone should be able to get the utmost profit from his or her property.]]></edu>
  <edu id="e3"><![CDATA[A fixing of rent prices according to the market alone, however, will lead to a further division of society.]]></edu>
  <edu id="e4"><![CDATA[The rich and poor live in different neighbourhoods.]]></edu>
  <edu id="e5"><![CDATA[A constant increase in rent upon a change of tenants hence cannot be desired by society.]]></edu>
  <adu id="a1" type="pro"/>
  <adu id="a2" type="opp"/>
  <adu id="a3" type="pro"/>
  <adu id="a4" type="pro"/>
  <adu id="a5" type="pro"/>
  <edge id="c1" src="a1" trg="a5" type="sup"/>
  <edge id="c2" src="a2" trg="c1" type="und"/>
  <edge id="c3" src="a3" trg="c2" type="und"/>
  <edge id="c4" src="a4" trg="a3" type="sup"/>
  <edge id="c6" src="e1" trg="a1" type="seg"/>
  <edge id="c7" src="e2" trg="a2" type="seg"/>
  <edge id="c8" src="e3" trg="a3" type="seg"/>
  <edge id="c9" src="e4" trg="a4" type="seg"/>
  <edge id="c10" src="e5" trg="a5" type="seg"/>
</arggraph>