<?xml version='1.0' encoding='UTF-8'?>
<arggraph id="micro_c194">
  <edu id="e1"><![CDATA[For the purposes of treatment and care it is absolutely okay to treat the family pet dog on par with other family members.]]></edu>
  <edu id="e2"><![CDATA[Dogs need water, food, and medical treatment just like humans.]]></edu>
  <edu id="e3"><![CDATA[They also need attention and affection just like humans.]]></edu>
  <edu id="e4"><![CDATA[That doesn't mean, of course, that family members should feel free to eat out of the dogs bowl without expecting a subsequent illness to occur.]]></edu>
  <edu id="e5"><![CDATA[Common sense dictates that dogs are a different species and some reasonable precautions need to be taken to in certain situations.]]></edu>
  <edu id="e6"><![CDATA[It is said that dogs are man's best friend. If that is true then they should be treated as such.]]></edu>
  <adu id="a1" type="pro"/>
  <adu id="a2" type="pro"/>
  <adu id="a3" type="pro"/>
  <adu id="a4" type="pro"/>
  <adu id="a5" type="opp"/>
  <adu id="a6" type="opp"/>
  <edge id="c1" src="a2" trg="a1" type="sup"/>
  <edge id="c2" src="a3" trg="a1" type="sup"/>
  <edge id="c3" src="a4" trg="a1" type="sup"/>
  <edge id="c4" src="a5" trg="a1" type="reb"/>
  <edge id="c5" src="a6" trg="a5" type="exa"/>
  <edge id="c6" src="e1" trg="a1" type="seg"/>
  <edge id="c7" src="e2" trg="a2" type="seg"/>
  <edge id="c8" src="e3" trg="a3" type="seg"/>
  <edge id="c9" src="e4" trg="a6" type="seg"/>
  <edge id="c10" src="e5" trg="a5" type="seg"/>
  <edge id="c11" src="e6" trg="a4" type="seg"/>
</arggraph>