<?xml version='1.0' encoding='UTF-8'?>
<arggraph id="micro_b027">
  <edu id="e1"><![CDATA[The death penalty should be abandoned everywhere.]]></edu>
  <edu id="e2"><![CDATA[From a Christian and humanistic perspective it is not allowed to kill someone.]]></edu>
  <edu id="e3"><![CDATA[Proponents of the death penalty count on its deterring effect as well as the ultimate elimination of any potential threat.]]></edu>
  <edu id="e4"><![CDATA[However also the threat of the death penalty in the respective countries apparently cannot prevent murder and violent crime.]]></edu>
  <edu id="e5"><![CDATA[Moreover it turns out time and again that innocent people are also convicted and executed.]]></edu>
  <adu id="a1" type="pro"/>
  <adu id="a2" type="pro"/>
  <adu id="a3" type="opp"/>
  <adu id="a4" type="pro"/>
  <adu id="a5" type="pro"/>
  <edge id="c2" src="a2" trg="a1" type="sup"/>
  <edge id="c3" src="a3" trg="a1" type="reb"/>
  <edge id="c4" src="a4" trg="a3" type="reb"/>
  <edge id="c5" src="a5" trg="a1" type="sup"/>
  <edge id="c6" src="e1" trg="a1" type="seg"/>
  <edge id="c7" src="e2" trg="a2" type="seg"/>
  <edge id="c8" src="e3" trg="a3" type="seg"/>
  <edge id="c9" src="e4" trg="a4" type="seg"/>
  <edge id="c10" src="e5" trg="a5" type="seg"/>
</arggraph>