<?xml version='1.0' encoding='UTF-8'?>
<arggraph id="micro_c012">
  <edu id="e1"><![CDATA[The horns of wild rhinos should not be removed to prevent them from being poached.]]></edu>
  <edu id="e2"><![CDATA[Removing the rhino horns is the crime, not just removing the rhino's horns for money.]]></edu>
  <edu id="e3"><![CDATA[When you mutilate an animal, you are the problem.]]></edu>
  <edu id="e4"><![CDATA[Saying that you are mutilating the animal to protect people from mutilation poaching is absurd]]></edu>
  <edu id="e5"><![CDATA[because either way the rhino is mutilated.]]></edu>
  <edu id="e6"><![CDATA[It's an attack on the animal.]]></edu>
  <edu id="e7"><![CDATA[It doesn't help conservation,]]></edu>
  <edu id="e8"><![CDATA[it just tries to take out the monetary component of the slaughter.]]></edu>
  <edu id="e9"><![CDATA[Bad way to go.]]></edu>
  <adu id="a1" type="pro"/>
  <adu id="a2" type="pro"/>
  <adu id="a3" type="pro"/>
  <adu id="a4" type="pro"/>
  <adu id="a5" type="pro"/>
  <adu id="a6" type="pro"/>
  <adu id="a7" type="pro"/>
  <adu id="a8" type="pro"/>
  <adu id="a9" type="pro"/>
  <edge id="c1" src="a2" trg="a1" type="sup"/>
  <edge id="c2" src="a3" trg="a2" type="sup"/>
  <edge id="c3" src="a4" trg="a3" type="sup"/>
  <edge id="c4" src="a5" trg="a2" type="sup"/>
  <edge id="c5" src="a6" trg="a5" type="sup"/>
  <edge id="c6" src="a7" trg="a2" type="sup"/>
  <edge id="c7" src="a8" trg="c6" type="add"/>
  <edge id="c8" src="a9" trg="c6" type="add"/>
  <edge id="c9" src="e1" trg="a1" type="seg"/>
  <edge id="c10" src="e2" trg="a4" type="seg"/>
  <edge id="c11" src="e3" trg="a3" type="seg"/>
  <edge id="c12" src="e4" trg="a5" type="seg"/>
  <edge id="c13" src="e5" trg="a6" type="seg"/>
  <edge id="c14" src="e6" trg="a7" type="seg"/>
  <edge id="c15" src="e7" trg="a8" type="seg"/>
  <edge id="c16" src="e8" trg="a9" type="seg"/>
  <edge id="c17" src="e9" trg="a2" type="seg"/>
</arggraph>