<?xml version='1.0' encoding='UTF-8'?>
<arggraph id="micro_c193">
  <edu id="e1"><![CDATA[It is OK to treat dogs on par with family members]]></edu>
  <edu id="e2"><![CDATA[because they're a part of the family.]]></edu>
  <edu id="e3"><![CDATA[We look after them as we do our own family.]]></edu>
  <edu id="e4"><![CDATA[We feed them, bath them, take them to their appointments.]]></edu>
  <edu id="e5"><![CDATA[We want to make sure they're ok, like the ones we love.]]></edu>
  <edu id="e6"><![CDATA[They also give us comfort and warm feelings and help promote a happier lifestyle.]]></edu>
  <edu id="e7"><![CDATA[They're fulling and fun to be around.]]></edu>
  <adu id="a1" type="pro"/>
  <adu id="a2" type="pro"/>
  <adu id="a3" type="pro"/>
  <adu id="a4" type="pro"/>
  <adu id="a5" type="pro"/>
  <adu id="a6" type="pro"/>
  <adu id="a7" type="pro"/>
  <edge id="c1" src="a2" trg="a1" type="sup"/>
  <edge id="c2" src="a3" trg="a2" type="sup"/>
  <edge id="c3" src="a4" trg="a2" type="sup"/>
  <edge id="c4" src="a5" trg="a2" type="sup"/>
  <edge id="c5" src="a6" trg="a1" type="sup"/>
  <edge id="c6" src="a7" trg="a1" type="sup"/>
  <edge id="c7" src="e1" trg="a1" type="seg"/>
  <edge id="c8" src="e2" trg="a2" type="seg"/>
  <edge id="c9" src="e3" trg="a3" type="seg"/>
  <edge id="c10" src="e4" trg="a4" type="seg"/>
  <edge id="c11" src="e5" trg="a5" type="seg"/>
  <edge id="c12" src="e6" trg="a6" type="seg"/>
  <edge id="c13" src="e7" trg="a7" type="seg"/>
</arggraph>