<?xml version='1.0' encoding='UTF-8'?>
<arggraph id="micro_k022">
  <edu id="e1"><![CDATA[It is quite clear that Sunday should remain a day of rest.]]></edu>
  <edu id="e2"><![CDATA[For you can go shopping 6 days a week,]]></edu>
  <edu id="e3"><![CDATA[as shops are open till 10pm on some days.]]></edu>
  <edu id="e4"><![CDATA[Thus Sundays should remain a day for getting together with family,]]></edu>
  <edu id="e5"><![CDATA[otherwise there will be a new kind of leisure activity where people spend their time in supermarkets instead of outside or in conversation etc.]]></edu>
  <edu id="e6"><![CDATA[Furthermore, there's no need to keep shops open on Sundays.]]></edu>
  <adu id="a1" type="pro"/>
  <adu id="a2" type="pro"/>
  <adu id="a3" type="pro"/>
  <adu id="a4" type="pro"/>
  <adu id="a5" type="pro"/>
  <adu id="a6" type="pro"/>
  <edge id="c2" src="a2" trg="a1" type="sup"/>
  <edge id="c3" src="a3" trg="a2" type="sup"/>
  <edge id="c4" src="a4" trg="a1" type="sup"/>
  <edge id="c5" src="a5" trg="a4" type="sup"/>
  <edge id="c6" src="a6" trg="a1" type="sup"/>
  <edge id="c7" src="e1" trg="a1" type="seg"/>
  <edge id="c8" src="e2" trg="a2" type="seg"/>
  <edge id="c9" src="e3" trg="a3" type="seg"/>
  <edge id="c10" src="e4" trg="a4" type="seg"/>
  <edge id="c11" src="e5" trg="a5" type="seg"/>
  <edge id="c12" src="e6" trg="a6" type="seg"/>
</arggraph>