<?xml version='1.0' encoding='UTF-8'?>
<arggraph id="micro_b040">
  <edu id="e1"><![CDATA[There should be much higher fines for dog dirt left on pavements.]]></edu>
  <edu id="e2"><![CDATA[Stepping in dog dirt is gross and absolutely ruins your day]]></edu>
  <edu id="e3"><![CDATA[due to the dirt, the stench and the often considerable effort to get rid of it.]]></edu>
  <edu id="e4"><![CDATA[Besides, the fines for public urination by a human are higher than for leaving behind dog dirt on the pavement, which is disproportionate.]]></edu>
  <edu id="e5"><![CDATA[Some dog owners assume that paying a dog licence fee covers the removal of such waste,]]></edu>
  <edu id="e6"><![CDATA[but according to this logic one could hardly make the taxpayer accountable for almost any offense.]]></edu>
  <adu id="a1" type="pro"/>
  <adu id="a2" type="pro"/>
  <adu id="a3" type="pro"/>
  <adu id="a4" type="pro"/>
  <adu id="a5" type="opp"/>
  <adu id="a6" type="pro"/>
  <edge id="c2" src="a2" trg="a1" type="sup"/>
  <edge id="c3" src="a3" trg="a2" type="sup"/>
  <edge id="c4" src="a4" trg="a1" type="sup"/>
  <edge id="c5" src="a5" trg="a1" type="reb"/>
  <edge id="c6" src="a6" trg="a5" type="reb"/>
  <edge id="c7" src="e1" trg="a1" type="seg"/>
  <edge id="c8" src="e2" trg="a2" type="seg"/>
  <edge id="c9" src="e3" trg="a3" type="seg"/>
  <edge id="c10" src="e4" trg="a4" type="seg"/>
  <edge id="c11" src="e5" trg="a5" type="seg"/>
  <edge id="c12" src="e6" trg="a6" type="seg"/>
</arggraph>