<?xml version='1.0' encoding='UTF-8'?>
<arggraph id="micro_c180">
  <edu id="e1"><![CDATA[Our society is mostly self-serving. The majority of only children are too spoiled and would only magnify the problem.]]></edu>
  <edu id="e2"><![CDATA[Only children lack necessary social skills.]]></edu>
  <edu id="e3"><![CDATA[But China has survived as a country with the one child rule]]></edu>
  <edu id="e4"><![CDATA[but it has also seen many abuses.]]></edu>
  <edu id="e5"><![CDATA[It is not good to be an only child.]]></edu>
  <adu id="a1" type="pro"/>
  <adu id="a2" type="pro"/>
  <adu id="a3" type="pro"/>
  <adu id="a4" type="opp"/>
  <adu id="a5" type="pro"/>
  <edge id="c1" src="a2" trg="a1" type="sup"/>
  <edge id="c2" src="a3" trg="a1" type="sup"/>
  <edge id="c3" src="a4" trg="a1" type="reb"/>
  <edge id="c4" src="a5" trg="a4" type="reb"/>
  <edge id="c5" src="e1" trg="a3" type="seg"/>
  <edge id="c6" src="e2" trg="a2" type="seg"/>
  <edge id="c7" src="e3" trg="a4" type="seg"/>
  <edge id="c8" src="e4" trg="a5" type="seg"/>
  <edge id="c9" src="e5" trg="a1" type="seg"/>
</arggraph>