<?xml version='1.0' encoding='UTF-8'?>
<arggraph id="micro_b011">
  <edu id="e1"><![CDATA[For dog dirt left on the pavement dog owners should by all means pay a bit more.]]></edu>
  <edu id="e2"><![CDATA[Indeed it's not the fault of the animals,]]></edu>
  <edu id="e3"><![CDATA[but once you step in it, their excrement seems to stick rather persistently to your soles.]]></edu>
  <adu id="a1" type="pro"/>
  <adu id="a2" type="opp"/>
  <adu id="a3" type="pro"/>
  <edge id="c2" src="a2" trg="a1" type="reb"/>
  <edge id="c3" src="a3" trg="c2" type="und"/>
  <edge id="c4" src="e1" trg="a1" type="seg"/>
  <edge id="c5" src="e2" trg="a2" type="seg"/>
  <edge id="c6" src="e3" trg="a3" type="seg"/>
</arggraph>