<?xml version='1.0' encoding='UTF-8'?>
<arggraph id="micro_c134">
  <edu id="e1"><![CDATA[Government regulation is a powerful and influential entity.]]></edu>
  <edu id="e2"><![CDATA[By either enforcing or encouraging solar energy use government may be a driving force.]]></edu>
  <edu id="e3"><![CDATA[Though force creates resistance from individuals and corporations.]]></edu>
  <edu id="e4"><![CDATA[Solar energy is an untapped resource in many areas of the world.]]></edu>
  <edu id="e5"><![CDATA[If regulated, solar energy has the potential to solve energy problems.]]></edu>
  <adu id="a1" type="pro"/>
  <adu id="a2" type="pro"/>
  <adu id="a3" type="opp"/>
  <adu id="a4" type="pro"/>
  <adu id="a5" type="pro"/>
  <edge id="c1" src="a2" trg="a1" type="sup"/>
  <edge id="c2" src="a3" trg="a1" type="reb"/>
  <edge id="c3" src="a4" trg="a1" type="sup"/>
  <edge id="c4" src="a5" trg="a4" type="sup"/>
  <edge id="c5" src="e1" trg="a2" type="seg"/>
  <edge id="c6" src="e2" trg="a1" type="seg"/>
  <edge id="c7" src="e3" trg="a3" type="seg"/>
  <edge id="c8" src="e4" trg="a5" type="seg"/>
  <edge id="c9" src="e5" trg="a4" type="seg"/>
</arggraph>