<?xml version='1.0' encoding='UTF-8'?>
<arggraph id="micro_c153">
  <edu id="e1"><![CDATA[A divorce can be beneficial for the children.]]></edu>
  <edu id="e2"><![CDATA[It removes them from a toxic environment.]]></edu>
  <edu id="e3"><![CDATA[It also allows the parents to focus on the children instead of fighting with their spouse.]]></edu>
  <adu id="a1" type="pro"/>
  <adu id="a2" type="pro"/>
  <adu id="a3" type="pro"/>
  <edge id="c1" src="a2" trg="a1" type="sup"/>
  <edge id="c2" src="a3" trg="a1" type="sup"/>
  <edge id="c3" src="e1" trg="a1" type="seg"/>
  <edge id="c4" src="e2" trg="a2" type="seg"/>
  <edge id="c5" src="e3" trg="a3" type="seg"/>
</arggraph>