<?xml version='1.0' encoding='UTF-8'?>
<arggraph id="micro_b062">
  <edu id="e1"><![CDATA[I am not of the opinion that the retirement age should be set at 63 years.]]></edu>
  <edu id="e2"><![CDATA[This would mean that organizations would be lacking a great deal of manpower in the future.]]></edu>
  <edu id="e3"><![CDATA[The introductory phase of retirement at 63 would also be a particular challenge]]></edu>
  <edu id="e4"><![CDATA[as upon introduction many current employees of advanced age would immediately be eligible to retire.]]></edu>
  <edu id="e5"><![CDATA[This is detrimental for Germany as a business location and leaves employers without a transition period.]]></edu>
  <edu id="e6"><![CDATA[The danger here is that experienced junior staff is not available in sufficient numbers.]]></edu>
  <adu id="a1" type="pro"/>
  <adu id="a2" type="pro"/>
  <adu id="a3" type="pro"/>
  <adu id="a4" type="pro"/>
  <adu id="a5" type="pro"/>
  <adu id="a6" type="pro"/>
  <edge id="c2" src="a2" trg="a1" type="sup"/>
  <edge id="c3" src="a3" trg="a1" type="sup"/>
  <edge id="c4" src="a4" trg="a3" type="sup"/>
  <edge id="c5" src="a5" trg="c4" type="add"/>
  <edge id="c6" src="a6" trg="c4" type="add"/>
  <edge id="c7" src="e1" trg="a1" type="seg"/>
  <edge id="c8" src="e2" trg="a2" type="seg"/>
  <edge id="c9" src="e3" trg="a3" type="seg"/>
  <edge id="c10" src="e4" trg="a4" type="seg"/>
  <edge id="c11" src="e5" trg="a5" type="seg"/>
  <edge id="c12" src="e6" trg="a6" type="seg"/>
</arggraph>