<?xml version='1.0' encoding='UTF-8'?>
<arggraph id="micro_b008">
  <edu id="e1"><![CDATA[Of course it would be nice and simple if after a fun night out with a party acquaintance you could simply take the 'morning-after pill' and feel at ease.]]></edu>
  <edu id="e2"><![CDATA[But it's not that simple.]]></edu>
  <edu id="e3"><![CDATA[Perhaps a new life was already created that night.]]></edu>
  <edu id="e4"><![CDATA[I would kill it without further thought.]]></edu>
  <edu id="e5"><![CDATA[That's why a visit to the doctor and professional advice should remain mandatory.]]></edu>
  <adu id="a1" type="opp"/>
  <adu id="a2" type="pro"/>
  <adu id="a3" type="pro"/>
  <adu id="a4" type="pro"/>
  <adu id="a5" type="pro"/>
  <edge id="c1" src="a1" trg="a5" type="reb"/>
  <edge id="c2" src="a2" trg="a1" type="reb"/>
  <edge id="c3" src="a3" trg="a2" type="sup"/>
  <edge id="c4" src="a4" trg="c3" type="add"/>
  <edge id="c6" src="e1" trg="a1" type="seg"/>
  <edge id="c7" src="e2" trg="a2" type="seg"/>
  <edge id="c8" src="e3" trg="a3" type="seg"/>
  <edge id="c9" src="e4" trg="a4" type="seg"/>
  <edge id="c10" src="e5" trg="a5" type="seg"/>
</arggraph>