<?xml version='1.0' encoding='UTF-8'?>
<arggraph id="micro_c063">
  <edu id="e1"><![CDATA[Teenagers are by nature social animals,]]></edu>
  <edu id="e2"><![CDATA[thus tools that allow for greater flexibility offer new avenues for self-expression.]]></edu>
  <edu id="e3"><![CDATA[Social media offers young people a way to connect with one another in ways never before seen in human history.]]></edu>
  <adu id="a1" type="pro"/>
  <adu id="a2" type="pro"/>
  <adu id="a3" type="pro"/>
  <edge id="c1" src="a1" trg="a3" type="sup"/>
  <edge id="c2" src="a2" trg="c1" type="add"/>
  <edge id="c3" src="e1" trg="a1" type="seg"/>
  <edge id="c4" src="e2" trg="a2" type="seg"/>
  <edge id="c5" src="e3" trg="a3" type="seg"/>
</arggraph>