<?xml version='1.0' encoding='UTF-8'?>
<arggraph id="micro_c095">
  <edu id="e1"><![CDATA[Using LED lights can make a positive impact on energy consumption.]]></edu>
  <edu id="e2"><![CDATA[This has been widely acknowledged.]]></edu>
  <edu id="e3"><![CDATA[Every light we use makes a tiny difference so full scale conversion to LED lights can have a vast impact in aggregate.]]></edu>
  <edu id="e4"><![CDATA[But we all need to do our part.]]></edu>
  <edu id="e5"><![CDATA[Some feel it is too small an impact to matter]]></edu>
  <edu id="e6"><![CDATA[but you have to look beyond your personal contribution and view the savings in aggregate.]]></edu>
  <adu id="a1" type="pro"/>
  <adu id="a2" type="pro"/>
  <adu id="a3" type="pro"/>
  <adu id="a4" type="opp"/>
  <adu id="a5" type="opp"/>
  <adu id="a6" type="pro"/>
  <edge id="c1" src="a2" trg="a1" type="sup"/>
  <edge id="c2" src="a3" trg="a1" type="sup"/>
  <edge id="c3" src="a4" trg="c2" type="und"/>
  <edge id="c4" src="a5" trg="c3" type="add"/>
  <edge id="c5" src="a6" trg="a5" type="reb"/>
  <edge id="c6" src="e1" trg="a1" type="seg"/>
  <edge id="c7" src="e2" trg="a2" type="seg"/>
  <edge id="c8" src="e3" trg="a3" type="seg"/>
  <edge id="c9" src="e4" trg="a4" type="seg"/>
  <edge id="c10" src="e5" trg="a5" type="seg"/>
  <edge id="c11" src="e6" trg="a6" type="seg"/>
</arggraph>