<?xml version='1.0' encoding='UTF-8'?>
<arggraph id="micro_c124">
  <edu id="e1"><![CDATA[There is no way to handle nuclear waste responsibly.]]></edu>
  <edu id="e2"><![CDATA[It is toxic]]></edu>
  <edu id="e3"><![CDATA[and no matter what care is taken, there is a risk.]]></edu>
  <edu id="e4"><![CDATA[No matter where the waste ends up it will still effect the earth and its resources for years to come]]></edu>
  <adu id="a1" type="pro"/>
  <adu id="a2" type="pro"/>
  <adu id="a3" type="pro"/>
  <adu id="a4" type="pro"/>
  <edge id="c1" src="a2" trg="a3" type="sup"/>
  <edge id="c2" src="a3" trg="a1" type="sup"/>
  <edge id="c3" src="a4" trg="a1" type="sup"/>
  <edge id="c4" src="e1" trg="a1" type="seg"/>
  <edge id="c5" src="e2" trg="a2" type="seg"/>
  <edge id="c6" src="e3" trg="a3" type="seg"/>
  <edge id="c7" src="e4" trg="a4" type="seg"/>
</arggraph>