<?xml version='1.0' encoding='UTF-8'?>
<arggraph id="micro_c122">
  <edu id="e1"><![CDATA[Nuclear energy has been used for years with very few major issues.]]></edu>
  <edu id="e2"><![CDATA[It is cheap to produce]]></edu>
  <edu id="e3"><![CDATA[and our society uses large amounts of energy.]]></edu>
  <edu id="e4"><![CDATA[However, it is dirty and damages the environment.]]></edu>
  <edu id="e5"><![CDATA[But as humans we've become so dependent on electricity that we can overlook some of the downfalls of nuclear energy.]]></edu>
  <edu id="e6"><![CDATA[We should use nuclear energy.]]></edu>
  <adu id="a1" type="pro"/>
  <adu id="a2" type="pro"/>
  <adu id="a3" type="pro"/>
  <adu id="a4" type="pro"/>
  <adu id="a5" type="opp"/>
  <adu id="a6" type="pro"/>
  <edge id="c1" src="a1" trg="a4" type="sup"/>
  <edge id="c2" src="a2" trg="a4" type="sup"/>
  <edge id="c3" src="a3" trg="c2" type="add"/>
  <edge id="c4" src="a5" trg="a4" type="reb"/>
  <edge id="c5" src="a6" trg="c4" type="und"/>
  <edge id="c6" src="e1" trg="a1" type="seg"/>
  <edge id="c7" src="e2" trg="a2" type="seg"/>
  <edge id="c8" src="e3" trg="a3" type="seg"/>
  <edge id="c9" src="e4" trg="a5" type="seg"/>
  <edge id="c10" src="e5" trg="a6" type="seg"/>
  <edge id="c11" src="e6" trg="a4" type="seg"/>
</arggraph>