<?xml version='1.0' encoding='UTF-8'?>
<arggraph id="micro_c075">
  <edu id="e1"><![CDATA[Violent video games do not cause people to act out violently.]]></edu>
  <edu id="e2"><![CDATA[There are those that say that violence in video games exposes children to hurting people which could cause them to act those things out in reality.]]></edu>
  <edu id="e3"><![CDATA[I disagree.]]></edu>
  <edu id="e4"><![CDATA[In fact, I believe the evidence shows that the opposite is the case.]]></edu>
  <edu id="e5"><![CDATA[Children, especially young boys who have an outlet for the expression that involves simulated events and not real ones helps them to learn about and work through important themes like violence.]]></edu>
  <edu id="e6"><![CDATA[If there was not a medium for children to act out these situations in harmless ways they might experiment in reality.]]></edu>
  <edu id="e7"><![CDATA[This would have even more disastrous consequences than a few hours gaming.]]></edu>
  <adu id="a1" type="pro"/>
  <adu id="a2" type="opp"/>
  <adu id="a3" type="pro"/>
  <adu id="a4" type="pro"/>
  <adu id="a5" type="pro"/>
  <adu id="a6" type="pro"/>
  <adu id="a7" type="pro"/>
  <edge id="c1" src="a2" trg="a1" type="reb"/>
  <edge id="c2" src="a3" trg="a2" type="reb"/>
  <edge id="c3" src="a4" trg="a3" type="sup"/>
  <edge id="c4" src="a5" trg="a4" type="sup"/>
  <edge id="c5" src="a6" trg="a5" type="sup"/>
  <edge id="c6" src="a7" trg="c5" type="add"/>
  <edge id="c7" src="e1" trg="a1" type="seg"/>
  <edge id="c8" src="e2" trg="a2" type="seg"/>
  <edge id="c9" src="e3" trg="a3" type="seg"/>
  <edge id="c10" src="e4" trg="a4" type="seg"/>
  <edge id="c11" src="e5" trg="a5" type="seg"/>
  <edge id="c12" src="e6" trg="a6" type="seg"/>
  <edge id="c13" src="e7" trg="a7" type="seg"/>
</arggraph>