<?xml version='1.0' encoding='UTF-8'?>
<arggraph id="micro_c046">
  <edu id="e1"><![CDATA[Car drivers should be prohibited from using cell phones]]></edu>
  <edu id="e2"><![CDATA[because they tend to cause distraction.]]></edu>
  <edu id="e3"><![CDATA[Holding the cell phone in the hand while driving and talking causes attention to be diverted off the roads and traffic.]]></edu>
  <edu id="e4"><![CDATA[This causes further hindrance to safe driving]]></edu>
  <edu id="e5"><![CDATA[as the driver ends up using just one hand instead of both hands on the steering wheel.]]></edu>
  <edu id="e6"><![CDATA[Cell phone usage could be limited to blue tooth only]]></edu>
  <edu id="e7"><![CDATA[as it can help drivers attend to urgent calls while keeping hands free from the phone and on the steering wheel at all times.]]></edu>
  <edu id="e8"><![CDATA[Distraction due to cell phones is probably one of the leading causes in vehicle accidents.]]></edu>
  <adu id="a1" type="pro"/>
  <adu id="a2" type="pro"/>
  <adu id="a3" type="pro"/>
  <adu id="a4" type="pro"/>
  <adu id="a5" type="pro"/>
  <adu id="a6" type="pro"/>
  <adu id="a7" type="opp"/>
  <adu id="a8" type="opp"/>
  <edge id="c1" src="a2" trg="a1" type="sup"/>
  <edge id="c2" src="a3" trg="c1" type="add"/>
  <edge id="c3" src="a4" trg="a2" type="sup"/>
  <edge id="c4" src="a5" trg="c3" type="add"/>
  <edge id="c5" src="a6" trg="a5" type="sup"/>
  <edge id="c6" src="a7" trg="c5" type="und"/>
  <edge id="c7" src="a8" trg="a7" type="sup"/>
  <edge id="c8" src="e1" trg="a1" type="seg"/>
  <edge id="c9" src="e2" trg="a2" type="seg"/>
  <edge id="c10" src="e3" trg="a4" type="seg"/>
  <edge id="c11" src="e4" trg="a5" type="seg"/>
  <edge id="c12" src="e5" trg="a6" type="seg"/>
  <edge id="c13" src="e6" trg="a7" type="seg"/>
  <edge id="c14" src="e7" trg="a8" type="seg"/>
  <edge id="c15" src="e8" trg="a3" type="seg"/>
</arggraph>