<?xml version='1.0' encoding='UTF-8'?>
<arggraph id="micro_b032">
  <edu id="e1"><![CDATA[There should be a higher fine for dog dirt on the pavement.]]></edu>
  <edu id="e2"><![CDATA[Dog dirt is disgusting and a hygiene problem.]]></edu>
  <edu id="e3"><![CDATA[Also children, adults and other animals aren't allowed to leave droppings on the pavement.]]></edu>
  <edu id="e4"><![CDATA[If you dispose of the waste then and there yourself, no fine is necessary.]]></edu>
  <adu id="a1" type="pro"/>
  <adu id="a2" type="pro"/>
  <adu id="a3" type="pro"/>
  <adu id="a4" type="pro"/>
  <edge id="c2" src="a2" trg="a1" type="sup"/>
  <edge id="c3" src="a3" trg="a1" type="sup"/>
  <edge id="c4" src="a4" trg="a1" type="sup"/>
  <edge id="c5" src="e1" trg="a1" type="seg"/>
  <edge id="c6" src="e2" trg="a2" type="seg"/>
  <edge id="c7" src="e3" trg="a3" type="seg"/>
  <edge id="c8" src="e4" trg="a4" type="seg"/>
</arggraph>