<?xml version='1.0' encoding='UTF-8'?>
<arggraph id="micro_c060">
  <edu id="e1"><![CDATA[Social media has improved the lives of teenagers,]]></edu>
  <edu id="e2"><![CDATA[because they have the world at their fingertips.]]></edu>
  <edu id="e3"><![CDATA[They can use social media to gather important information from friends and families to enhance the academic abilities.]]></edu>
  <edu id="e4"><![CDATA[Teenagers have the opportunity to engage with teachers, professors and leaders to gain great knowledge for their academic studies.]]></edu>
  <adu id="a1" type="pro"/>
  <adu id="a2" type="pro"/>
  <adu id="a3" type="pro"/>
  <adu id="a4" type="pro"/>
  <edge id="c1" src="a2" trg="a1" type="sup"/>
  <edge id="c2" src="a3" trg="a2" type="sup"/>
  <edge id="c3" src="a4" trg="a2" type="sup"/>
  <edge id="c4" src="e1" trg="a1" type="seg"/>
  <edge id="c5" src="e2" trg="a2" type="seg"/>
  <edge id="c6" src="e3" trg="a3" type="seg"/>
  <edge id="c7" src="e4" trg="a4" type="seg"/>
</arggraph>