<?xml version='1.0' encoding='UTF-8'?>
<arggraph id="micro_b010">
  <edu id="e1"><![CDATA[Alternative treatments should be subsidized in the same way as conventional treatments,]]></edu>
  <edu id="e2"><![CDATA[since both methods can lead to the prevention, mitigation or cure of an illness.]]></edu>
  <edu id="e3"><![CDATA[Besides it should be in the interest of the health insurers to recognize alternative medicine as treatment,]]></edu>
  <edu id="e4"><![CDATA[since there is a chance of recovery.]]></edu>
  <edu id="e5"><![CDATA[It doesn't matter after all that those who administer the treatment don't have 'doctor status'.]]></edu>
  <adu id="a1" type="pro"/>
  <adu id="a2" type="pro"/>
  <adu id="a3" type="pro"/>
  <adu id="a4" type="pro"/>
  <adu id="a5" type="pro"/>
  <edge id="c2" src="a2" trg="a1" type="sup"/>
  <edge id="c3" src="a3" trg="a1" type="sup"/>
  <edge id="c4" src="a4" trg="a3" type="sup"/>
  <edge id="c5" src="a5" trg="a1" type="sup"/>
  <edge id="c6" src="e1" trg="a1" type="seg"/>
  <edge id="c7" src="e2" trg="a2" type="seg"/>
  <edge id="c8" src="e3" trg="a3" type="seg"/>
  <edge id="c9" src="e4" trg="a4" type="seg"/>
  <edge id="c10" src="e5" trg="a5" type="seg"/>
</arggraph>