<?xml version='1.0' encoding='UTF-8'?>
<arggraph id="micro_d13">
  <edu id="e1"><![CDATA[Whenever Peter bumps into an ex-girlfriend at a party, he forgoes any further consumption of alcohol just in case.]]></edu>
  <edu id="e2"><![CDATA[When he got back from Ralf's party last night he was still stone-cold sober.]]></edu>
  <edu id="e3"><![CDATA[Thus one of his ex-girlfriends must have been there.]]></edu>
  <edu id="e4"><![CDATA[Ralf does insist that they drank advocaat together.]]></edu>
  <edu id="e5"><![CDATA[But even without an ex-girlfriend he would never touch that.]]></edu>
  <adu id="a1" type="pro"/>
  <adu id="a2" type="pro"/>
  <adu id="a3" type="pro"/>
  <adu id="a4" type="opp"/>
  <adu id="a5" type="pro"/>
  <edge id="c1" src="a1" trg="a3" type="sup"/>
  <edge id="c2" src="a2" trg="c1" type="add"/>
  <edge id="c4" src="a4" trg="a2" type="reb"/>
  <edge id="c5" src="a5" trg="a4" type="reb"/>
  <edge id="c6" src="e1" trg="a1" type="seg"/>
  <edge id="c7" src="e2" trg="a2" type="seg"/>
  <edge id="c8" src="e3" trg="a3" type="seg"/>
  <edge id="c9" src="e4" trg="a4" type="seg"/>
  <edge id="c10" src="e5" trg="a5" type="seg"/>
</arggraph>