<?xml version='1.0' encoding='UTF-8'?>
<arggraph id="micro_b044">
  <edu id="e1"><![CDATA[As a central airport Berlin Tegel is particularly attractive for business travellers and should by all means remain operational.]]></edu>
  <edu id="e2"><![CDATA[It is an asset for the economy.]]></edu>
  <edu id="e3"><![CDATA[The negative impact of air traffic however is considerable.]]></edu>
  <edu id="e4"><![CDATA[Air traffic is extremely environmentally unfriendly.]]></edu>
  <edu id="e5"><![CDATA[Particularly in Tegel, the residents have been bearing the stress of aircraft noise for decades.]]></edu>
  <adu id="a1" type="pro"/>
  <adu id="a2" type="pro"/>
  <adu id="a3" type="opp"/>
  <adu id="a4" type="opp"/>
  <adu id="a5" type="opp"/>
  <edge id="c2" src="a2" trg="a1" type="sup"/>
  <edge id="c3" src="a3" trg="a1" type="reb"/>
  <edge id="c4" src="a4" trg="a3" type="sup"/>
  <edge id="c5" src="a5" trg="a3" type="sup"/>
  <edge id="c6" src="e1" trg="a1" type="seg"/>
  <edge id="c7" src="e2" trg="a2" type="seg"/>
  <edge id="c8" src="e3" trg="a3" type="seg"/>
  <edge id="c9" src="e4" trg="a4" type="seg"/>
  <edge id="c10" src="e5" trg="a5" type="seg"/>
</arggraph>