<?xml version='1.0' encoding='UTF-8'?>
<arggraph id="micro_d15">
  <edu id="e1"><![CDATA[Every day passengers are harassed by hooligans and drunks on the underground, trains and busses.]]></edu>
  <edu id="e2"><![CDATA[Also the rules of the public transportation services are rarely observed.]]></edu>
  <edu id="e3"><![CDATA[This is why we need more police presence in public transport,]]></edu>
  <edu id="e4"><![CDATA[even if there are actually designated in-house security forces.]]></edu>
  <edu id="e5"><![CDATA[Passengers would definitely feel safer then.]]></edu>
  <adu id="a1" type="pro"/>
  <adu id="a2" type="pro"/>
  <adu id="a3" type="pro"/>
  <adu id="a4" type="opp"/>
  <adu id="a5" type="pro"/>
  <edge id="c1" src="a1" trg="a3" type="sup"/>
  <edge id="c2" src="a2" trg="a3" type="sup"/>
  <edge id="c4" src="a4" trg="c2" type="und"/>
  <edge id="c5" src="a5" trg="a3" type="sup"/>
  <edge id="c6" src="e1" trg="a1" type="seg"/>
  <edge id="c7" src="e2" trg="a2" type="seg"/>
  <edge id="c8" src="e3" trg="a3" type="seg"/>
  <edge id="c9" src="e4" trg="a4" type="seg"/>
  <edge id="c10" src="e5" trg="a5" type="seg"/>
</arggraph>