<?xml version='1.0' encoding='UTF-8'?>
<arggraph id="micro_b034">
  <edu id="e1"><![CDATA[Tuition fees should not generally be charged by universities.]]></edu>
  <edu id="e2"><![CDATA[Universities are for all citizens, independent of their finances.]]></edu>
  <edu id="e3"><![CDATA[Education and training are fundamental rights which the state, the society must provide.]]></edu>
  <edu id="e4"><![CDATA[If a university lacks the funds, sponsors must be found.]]></edu>
  <edu id="e5"><![CDATA[Unfortunately this can lead to disagreeable dependencies in some cases.]]></edu>
  <adu id="a1" type="pro"/>
  <adu id="a2" type="pro"/>
  <adu id="a3" type="pro"/>
  <adu id="a4" type="pro"/>
  <adu id="a5" type="opp"/>
  <edge id="c2" src="a2" trg="a1" type="sup"/>
  <edge id="c3" src="a3" trg="a1" type="sup"/>
  <edge id="c4" src="a4" trg="a1" type="sup"/>
  <edge id="c5" src="a5" trg="a4" type="reb"/>
  <edge id="c6" src="e1" trg="a1" type="seg"/>
  <edge id="c7" src="e2" trg="a2" type="seg"/>
  <edge id="c8" src="e3" trg="a3" type="seg"/>
  <edge id="c9" src="e4" trg="a4" type="seg"/>
  <edge id="c10" src="e5" trg="a5" type="seg"/>
</arggraph>