<?xml version='1.0' encoding='UTF-8'?>
<arggraph id="micro_c204">
  <edu id="e1"><![CDATA[Large families provide a wonderful life for children,]]></edu>
  <edu id="e2"><![CDATA[because it usually means they have lots of brothers and sisters to play with.]]></edu>
  <edu id="e3"><![CDATA[Parents don't live forever, and it can be very comforting to know you will have siblings that can still form a family with you.]]></edu>
  <edu id="e4"><![CDATA[IF you don't get along as well with one or more siblings, you don't feel isolated because there are undoubtedly other siblings you can interact with.]]></edu>
  <edu id="e5"><![CDATA[You could argue that children in large families don't receive as much one-on-one attention from their parents.]]></edu>
  <edu id="e6"><![CDATA[However, many children who go to day care all day or just don't have very active parents have similar experiences,]]></edu>
  <edu id="e7"><![CDATA[and with a larger family love could come from other sources than just the parents.]]></edu>
  <adu id="a1" type="pro"/>
  <adu id="a2" type="pro"/>
  <adu id="a3" type="pro"/>
  <adu id="a4" type="pro"/>
  <adu id="a5" type="opp"/>
  <adu id="a6" type="pro"/>
  <adu id="a7" type="pro"/>
  <edge id="c1" src="a2" trg="a1" type="sup"/>
  <edge id="c2" src="a3" trg="a1" type="sup"/>
  <edge id="c3" src="a4" trg="a1" type="sup"/>
  <edge id="c4" src="a5" trg="a1" type="reb"/>
  <edge id="c5" src="a6" trg="c4" type="und"/>
  <edge id="c6" src="a7" trg="c4" type="und"/>
  <edge id="c7" src="e1" trg="a1" type="seg"/>
  <edge id="c8" src="e2" trg="a2" type="seg"/>
  <edge id="c9" src="e3" trg="a3" type="seg"/>
  <edge id="c10" src="e4" trg="a4" type="seg"/>
  <edge id="c11" src="e5" trg="a5" type="seg"/>
  <edge id="c12" src="e6" trg="a6" type="seg"/>
  <edge id="c13" src="e7" trg="a7" type="seg"/>
</arggraph>