<?xml version='1.0' encoding='UTF-8'?>
<arggraph id="micro_d22">
  <edu id="e1"><![CDATA[Large events that stir national or even international attention attract many visitors,]]></edu>
  <edu id="e2"><![CDATA[and nothing will get Berlin out of its financial jam more than a lot of spending visitors.]]></edu>
  <edu id="e3"><![CDATA[Hence the Mayor of Berlin ought to keep the hurdles for organizing such events as low as possible.]]></edu>
  <edu id="e4"><![CDATA[Of course a higher federal subsidy would be even better for Berlin's coffers,]]></edu>
  <edu id="e5"><![CDATA[but you shouldn't bother hoping for that.]]></edu>
  <adu id="a1" type="pro"/>
  <adu id="a2" type="pro"/>
  <adu id="a3" type="pro"/>
  <adu id="a4" type="opp"/>
  <adu id="a5" type="pro"/>
  <edge id="c1" src="a1" trg="a3" type="sup"/>
  <edge id="c2" src="a2" trg="c1" type="add"/>
  <edge id="c4" src="a4" trg="a2" type="reb"/>
  <edge id="c5" src="a5" trg="c4" type="und"/>
  <edge id="c6" src="e1" trg="a1" type="seg"/>
  <edge id="c7" src="e2" trg="a2" type="seg"/>
  <edge id="c8" src="e3" trg="a3" type="seg"/>
  <edge id="c9" src="e4" trg="a4" type="seg"/>
  <edge id="c10" src="e5" trg="a5" type="seg"/>
</arggraph>