<?xml version='1.0' encoding='UTF-8'?>
<arggraph id="micro_c162">
  <edu id="e1"><![CDATA[I firmly believe in the right to choose,]]></edu>
  <edu id="e2"><![CDATA[but differ in the areas that we have the right to take a life.]]></edu>
  <edu id="e3"><![CDATA[I feel that anyone, no matter the age, even a teenager should seek other outlets such as adoption, or raising the child, depending on how they got pregnant (such as rape).]]></edu>
  <edu id="e4"><![CDATA[No child deserves to become pregnant against their will,]]></edu>
  <edu id="e5"><![CDATA[but one should indeed take responsibility if it is of their own accord.]]></edu>
  <edu id="e6"><![CDATA[Teenagers that get pregnant should keep their children.]]></edu>
  <adu id="a1" type="pro"/>
  <adu id="a2" type="opp"/>
  <adu id="a3" type="pro"/>
  <adu id="a4" type="pro"/>
  <adu id="a5" type="opp"/>
  <adu id="a6" type="pro"/>
  <edge id="c1" src="a2" trg="a1" type="reb"/>
  <edge id="c2" src="a3" trg="c1" type="und"/>
  <edge id="c3" src="a4" trg="a1" type="sup"/>
  <edge id="c4" src="a5" trg="a1" type="reb"/>
  <edge id="c5" src="a6" trg="a5" type="reb"/>
  <edge id="c6" src="e1" trg="a5" type="seg"/>
  <edge id="c7" src="e2" trg="a6" type="seg"/>
  <edge id="c8" src="e3" trg="a4" type="seg"/>
  <edge id="c9" src="e4" trg="a2" type="seg"/>
  <edge id="c10" src="e5" trg="a3" type="seg"/>
  <edge id="c11" src="e6" trg="a1" type="seg"/>
</arggraph>