<?xml version='1.0' encoding='UTF-8'?>
<arggraph id="micro_d01">
  <edu id="e1"><![CDATA[Freddy and I must be siblings.]]></edu>
  <edu id="e2"><![CDATA[We both have the exact same two moles on our left arm]]></edu>
  <edu id="e3"><![CDATA[and you only get that with siblings.]]></edu>
  <edu id="e4"><![CDATA[My parents say this could also be pure coincidence.]]></edu>
  <edu id="e5"><![CDATA[But that much of a coincidence is simply impossible.]]></edu>
  <adu id="a1" type="pro"/>
  <adu id="a2" type="pro"/>
  <adu id="a3" type="pro"/>
  <adu id="a4" type="opp"/>
  <adu id="a5" type="pro"/>
  <edge id="c2" src="a2" trg="a1" type="sup"/>
  <edge id="c3" src="a3" trg="c2" type="add"/>
  <edge id="c4" src="a4" trg="a3" type="reb"/>
  <edge id="c5" src="a5" trg="a4" type="reb"/>
  <edge id="c6" src="e1" trg="a1" type="seg"/>
  <edge id="c7" src="e2" trg="a2" type="seg"/>
  <edge id="c8" src="e3" trg="a3" type="seg"/>
  <edge id="c9" src="e4" trg="a4" type="seg"/>
  <edge id="c10" src="e5" trg="a5" type="seg"/>
</arggraph>