<?xml version='1.0' encoding='UTF-8'?>
<arggraph id="micro_c155">
  <edu id="e1"><![CDATA[Teenage marriage often ends in divorce.]]></edu>
  <edu id="e2"><![CDATA[Among other things it also causes stress for the children of the couple]]></edu>
  <edu id="e3"><![CDATA[as there is often conflict due to not taking proper time to ensure compatibility]]></edu>
  <edu id="e4"><![CDATA[and it creates a lower economic living too]]></edu>
  <edu id="e5"><![CDATA[as on average they are not college educated.]]></edu>
  <edu id="e6"><![CDATA[So in short no it is not a good idea]]></edu>
  <adu id="a1" type="pro"/>
  <adu id="a2" type="pro"/>
  <adu id="a3" type="pro"/>
  <adu id="a4" type="pro"/>
  <adu id="a5" type="pro"/>
  <adu id="a6" type="pro"/>
  <edge id="c1" src="a2" trg="a1" type="sup"/>
  <edge id="c2" src="a3" trg="a2" type="sup"/>
  <edge id="c3" src="a4" trg="a1" type="sup"/>
  <edge id="c4" src="a5" trg="a4" type="sup"/>
  <edge id="c5" src="a6" trg="a1" type="sup"/>
  <edge id="c6" src="e1" trg="a6" type="seg"/>
  <edge id="c7" src="e2" trg="a4" type="seg"/>
  <edge id="c8" src="e3" trg="a5" type="seg"/>
  <edge id="c9" src="e4" trg="a2" type="seg"/>
  <edge id="c10" src="e5" trg="a3" type="seg"/>
  <edge id="c11" src="e6" trg="a1" type="seg"/>
</arggraph>