<?xml version='1.0' encoding='UTF-8'?>
<arggraph id="micro_b050">
  <edu id="e1"><![CDATA[Germany's aging society is undergoing demographic change,]]></edu>
  <edu id="e2"><![CDATA[and the age of those who are physically and mentally fit is increasing steadily.]]></edu>
  <edu id="e3"><![CDATA[Thus social security and pension costs are increasing.]]></edu>
  <edu id="e4"><![CDATA[Yet no one should be required to work for more than 40 years.]]></edu>
  <edu id="e5"><![CDATA[Raising the relative retirement age on the basis of the physical fitness of the average citizen is fair.]]></edu>
  <adu id="a1" type="pro"/>
  <adu id="a2" type="pro"/>
  <adu id="a3" type="pro"/>
  <adu id="a4" type="opp"/>
  <adu id="a5" type="pro"/>
  <edge id="c1" src="a1" trg="a3" type="sup"/>
  <edge id="c2" src="a2" trg="a3" type="sup"/>
  <edge id="c3" src="a3" trg="a5" type="sup"/>
  <edge id="c4" src="a4" trg="a5" type="reb"/>
  <edge id="c6" src="e1" trg="a1" type="seg"/>
  <edge id="c7" src="e2" trg="a2" type="seg"/>
  <edge id="c8" src="e3" trg="a3" type="seg"/>
  <edge id="c9" src="e4" trg="a4" type="seg"/>
  <edge id="c10" src="e5" trg="a5" type="seg"/>
</arggraph>