<?xml version='1.0' encoding='UTF-8'?>
<arggraph id="micro_c198">
  <edu id="e1"><![CDATA["For centuries, dogs have been known as ""man's best friend.""]]></edu>
  <edu id="e2"><![CDATA[So why should we treat them as less than our equals?]]></edu>
  <edu id="e3"><![CDATA[They are always there for us, helping us when we need it.]]></edu>
  <edu id="e4"><![CDATA[Most dogs are groomed and trained to be dependable,]]></edu>
  <edu id="e5"><![CDATA[so we should be able to rely on them.]]></edu>
  <edu id="e6"><![CDATA[With that logic, we should them be treating them like members of our family.]]></edu>
  <adu id="a1" type="pro"/>
  <adu id="a2" type="pro"/>
  <adu id="a3" type="pro"/>
  <adu id="a4" type="pro"/>
  <adu id="a5" type="pro"/>
  <edge id="c1" src="a2" trg="a1" type="sup"/>
  <edge id="c2" src="a3" trg="a1" type="sup"/>
  <edge id="c3" src="a4" trg="a3" type="sup"/>
  <edge id="c4" src="a5" trg="a1" type="sup"/>
  <edge id="c5" src="e1" trg="a2" type="seg"/>
  <edge id="c6" src="e2" trg="a1" type="seg"/>
  <edge id="c7" src="e3" trg="a5" type="seg"/>
  <edge id="c8" src="e4" trg="a4" type="seg"/>
  <edge id="c9" src="e5" trg="a3" type="seg"/>
  <edge id="c10" src="e6" trg="a1" type="seg"/>
</arggraph>