<?xml version='1.0' encoding='UTF-8'?>
<arggraph id="micro_c149">
  <edu id="e1"><![CDATA[Divorce is something that kids can recover from.]]></edu>
  <edu id="e2"><![CDATA[There are many adults who live fully functional lives even though their parents were divorced.]]></edu>
  <edu id="e3"><![CDATA[It is better for children to be in a loving environment than in one where parents are constantly arguing and fighting with each other.]]></edu>
  <edu id="e4"><![CDATA[Of course everyone wants to stay together for their children,]]></edu>
  <edu id="e5"><![CDATA[but many people are better off just co-parenting instead of staying married.]]></edu>
  <adu id="a1" type="pro"/>
  <adu id="a2" type="pro"/>
  <adu id="a3" type="pro"/>
  <adu id="a4" type="opp"/>
  <adu id="a5" type="pro"/>
  <edge id="c1" src="a2" trg="a1" type="sup"/>
  <edge id="c2" src="a3" trg="a1" type="sup"/>
  <edge id="c3" src="a4" trg="a1" type="reb"/>
  <edge id="c4" src="a5" trg="c3" type="und"/>
  <edge id="c5" src="e1" trg="a1" type="seg"/>
  <edge id="c6" src="e2" trg="a2" type="seg"/>
  <edge id="c7" src="e3" trg="a3" type="seg"/>
  <edge id="c8" src="e4" trg="a4" type="seg"/>
  <edge id="c9" src="e5" trg="a5" type="seg"/>
</arggraph>