<?xml version='1.0' encoding='UTF-8'?>
<arggraph id="micro_b013">
  <edu id="e1"><![CDATA[Health insurance companies should naturally cover alternative medical treatments.]]></edu>
  <edu id="e2"><![CDATA[Not all practices and approaches that are lumped together under this term may have been proven in clinical trials,]]></edu>
  <edu id="e3"><![CDATA[yet it's precisely their positive effect when accompanying conventional 'western' medical therapies that's been demonstrated as beneficial.]]></edu>
  <edu id="e4"><![CDATA[Besides many general practitioners offer such counselling and treatments in parallel anyway -]]></edu>
  <edu id="e5"><![CDATA[and who would want to question their broad expertise?]]></edu>
  <adu id="a1" type="pro"/>
  <adu id="a2" type="opp"/>
  <adu id="a3" type="pro"/>
  <adu id="a4" type="pro"/>
  <adu id="a5" type="pro"/>
  <edge id="c2" src="a2" trg="a1" type="reb"/>
  <edge id="c3" src="a3" trg="c2" type="und"/>
  <edge id="c4" src="a4" trg="a1" type="sup"/>
  <edge id="c5" src="a5" trg="c4" type="add"/>
  <edge id="c6" src="e1" trg="a1" type="seg"/>
  <edge id="c7" src="e2" trg="a2" type="seg"/>
  <edge id="c8" src="e3" trg="a3" type="seg"/>
  <edge id="c9" src="e4" trg="a4" type="seg"/>
  <edge id="c10" src="e5" trg="a5" type="seg"/>
</arggraph>