<?xml version='1.0' encoding='UTF-8'?>
<arggraph id="micro_c171">
  <edu id="e1"><![CDATA[Helicopter parents are driven by their need to protect and help their children.]]></edu>
  <edu id="e2"><![CDATA[They want to make sure that their child is safe and be there when their child is in need.]]></edu>
  <edu id="e3"><![CDATA[Although this behavior may seem to hinder the child's independence and self reliance,]]></edu>
  <edu id="e4"><![CDATA[the child also has the knowledge that their parent will always be there for them.]]></edu>
  <edu id="e5"><![CDATA[The child will know that if there is something that he strives to do or comprehend, his helicopter parent will be there to help him out.]]></edu>
  <edu id="e6"><![CDATA[Helicopter parents are good for their children.]]></edu>
  <adu id="a1" type="pro"/>
  <adu id="a2" type="pro"/>
  <adu id="a3" type="opp"/>
  <adu id="a4" type="pro"/>
  <adu id="a5" type="pro"/>
  <edge id="c1" src="a2" trg="a1" type="sup"/>
  <edge id="c2" src="a3" trg="c1" type="und"/>
  <edge id="c3" src="a4" trg="a1" type="sup"/>
  <edge id="c4" src="a5" trg="c2" type="und"/>
  <edge id="c5" src="e1" trg="a2" type="seg"/>
  <edge id="c6" src="e2" trg="a2" type="seg"/>
  <edge id="c7" src="e3" trg="a3" type="seg"/>
  <edge id="c8" src="e4" trg="a5" type="seg"/>
  <edge id="c9" src="e5" trg="a4" type="seg"/>
  <edge id="c10" src="e6" trg="a1" type="seg"/>
</arggraph>