<?xml version='1.0' encoding='UTF-8'?>
<arggraph id="micro_k023">
  <edu id="e1"><![CDATA[The BA dissertation should, if not make up the entire grade, then at least constitute a larger share of it.]]></edu>
  <edu id="e2"><![CDATA[For a good overall grade opens many doors,]]></edu>
  <edu id="e3"><![CDATA[but is not of top priority for employers.]]></edu>
  <edu id="e4"><![CDATA[With a BA dissertation one can, however, demonstrate interests and subject matter expertise particularly well.]]></edu>
  <edu id="e5"><![CDATA[After all one doesn't excel in every subject.]]></edu>
  <adu id="a1" type="pro"/>
  <adu id="a2" type="opp"/>
  <adu id="a3" type="pro"/>
  <adu id="a4" type="pro"/>
  <adu id="a5" type="pro"/>
  <edge id="c2" src="a2" trg="a1" type="reb"/>
  <edge id="c3" src="a3" trg="c2" type="und"/>
  <edge id="c4" src="a4" trg="a1" type="sup"/>
  <edge id="c5" src="a5" trg="a4" type="sup"/>
  <edge id="c6" src="e1" trg="a1" type="seg"/>
  <edge id="c7" src="e2" trg="a2" type="seg"/>
  <edge id="c8" src="e3" trg="a3" type="seg"/>
  <edge id="c9" src="e4" trg="a4" type="seg"/>
  <edge id="c10" src="e5" trg="a5" type="seg"/>
</arggraph>