<?xml version='1.0' encoding='UTF-8'?>
<arggraph id="micro_b012">
  <edu id="e1"><![CDATA[Some may find the idea of a school uniform anachronistic,]]></edu>
  <edu id="e2"><![CDATA[or regard it as too much of an intervention into the leeway of students and parents to make decisions.]]></edu>
  <edu id="e3"><![CDATA[Indeed, however, it's already the case today that students of apparently 'uniform-free' schools are essentially wearing a uniform consisting of certain brand-name garments.]]></edu>
  <edu id="e4"><![CDATA[A simply designed practical outfit would even out the overall visual image of a school, and direct attention towards the character and achievements of the students - and not their buying power.]]></edu>
  <adu id="a1" type="opp"/>
  <adu id="a2" type="opp"/>
  <adu id="a3" type="pro"/>
  <adu id="a4" type="pro"/>
  <edge id="c1" src="a1" trg="a4" type="reb"/>
  <edge id="c2" src="a2" trg="a4" type="reb"/>
  <edge id="c3" src="a3" trg="c2" type="und"/>
  <edge id="c5" src="e1" trg="a1" type="seg"/>
  <edge id="c6" src="e2" trg="a2" type="seg"/>
  <edge id="c7" src="e3" trg="a3" type="seg"/>
  <edge id="c8" src="e4" trg="a4" type="seg"/>
</arggraph>