<?xml version='1.0' encoding='UTF-8'?>
<arggraph id="micro_d11">
  <edu id="e1"><![CDATA[We should go to the Baltic Sea on the weekend.]]></edu>
  <edu id="e2"><![CDATA[According to the weather report it'll be perfect beach weather,]]></edu>
  <edu id="e3"><![CDATA[and one mustn't let this go to waste,]]></edu>
  <edu id="e4"><![CDATA[even if I do have to prepare a presentation for Tuesday.]]></edu>
  <edu id="e5"><![CDATA[Besides, I get to use my folks' big, comfy car.]]></edu>
  <adu id="a1" type="pro"/>
  <adu id="a2" type="pro"/>
  <adu id="a3" type="pro"/>
  <adu id="a4" type="opp"/>
  <adu id="a5" type="pro"/>
  <edge id="c2" src="a2" trg="a1" type="sup"/>
  <edge id="c3" src="a3" trg="c2" type="add"/>
  <edge id="c4" src="a4" trg="a1" type="reb"/>
  <edge id="c5" src="a5" trg="a1" type="sup"/>
  <edge id="c6" src="e1" trg="a1" type="seg"/>
  <edge id="c7" src="e2" trg="a2" type="seg"/>
  <edge id="c8" src="e3" trg="a3" type="seg"/>
  <edge id="c9" src="e4" trg="a4" type="seg"/>
  <edge id="c10" src="e5" trg="a5" type="seg"/>
</arggraph>