<?xml version='1.0' encoding='UTF-8'?>
<arggraph id="micro_c024">
  <edu id="e1"><![CDATA[Cell phones and social media are really useful for society.]]></edu>
  <edu id="e2"><![CDATA[Because it consumes very less time as a communication channel.]]></edu>
  <edu id="e3"><![CDATA[We can share all of our thought instantly.]]></edu>
  <edu id="e4"><![CDATA[We can improve our day to day life a lot.]]></edu>
  <edu id="e5"><![CDATA[Yes, cell phones and social media have made families closer.]]></edu>
  <adu id="a1" type="pro"/>
  <adu id="a2" type="pro"/>
  <adu id="a3" type="pro"/>
  <adu id="a4" type="pro"/>
  <adu id="a5" type="pro"/>
  <edge id="c1" src="a2" trg="a1" type="sup"/>
  <edge id="c2" src="a3" trg="a5" type="sup"/>
  <edge id="c3" src="a4" trg="a2" type="sup"/>
  <edge id="c4" src="a5" trg="a4" type="sup"/>
  <edge id="c5" src="e1" trg="a4" type="seg"/>
  <edge id="c6" src="e2" trg="a3" type="seg"/>
  <edge id="c7" src="e3" trg="a5" type="seg"/>
  <edge id="c8" src="e4" trg="a2" type="seg"/>
  <edge id="c9" src="e5" trg="a1" type="seg"/>
</arggraph>