<?xml version='1.0' encoding='UTF-8'?>
<arggraph id="micro_d05">
  <edu id="e1"><![CDATA[Today I will delete my Facebook account.]]></edu>
  <edu id="e2"><![CDATA[Not only because I'm constantly astonished about who wants to be my friend.]]></edu>
  <edu id="e3"><![CDATA[I'm also tired of my data boosting the market value of that corporation.]]></edu>
  <edu id="e4"><![CDATA[Facebook warns me emphatically that I may lose contact with my friends.]]></edu>
  <edu id="e5"><![CDATA[And yet now I'll actually have all the more time for them.]]></edu>
  <adu id="a1" type="pro"/>
  <adu id="a2" type="pro"/>
  <adu id="a3" type="pro"/>
  <adu id="a4" type="opp"/>
  <adu id="a5" type="pro"/>
  <edge id="c2" src="a2" trg="a1" type="sup"/>
  <edge id="c3" src="a3" trg="a1" type="sup"/>
  <edge id="c4" src="a4" trg="a1" type="reb"/>
  <edge id="c5" src="a5" trg="a4" type="reb"/>
  <edge id="c6" src="e1" trg="a1" type="seg"/>
  <edge id="c7" src="e2" trg="a2" type="seg"/>
  <edge id="c8" src="e3" trg="a3" type="seg"/>
  <edge id="c9" src="e4" trg="a4" type="seg"/>
  <edge id="c10" src="e5" trg="a5" type="seg"/>
</arggraph>