<?xml version='1.0' encoding='UTF-8'?>
<arggraph id="micro_b014">
  <edu id="e1"><![CDATA[Actually only those people should pay a TV & radio licence fee who really watch ARD, ZDF, Arte etc.]]></edu>
  <edu id="e2"><![CDATA[It is in fact good to support sophisticated programming through fees.]]></edu>
  <edu id="e3"><![CDATA[Curiously, however, there are still adverts and product placements on the public channels.]]></edu>
  <edu id="e4"><![CDATA[What are you paying for, then? That the same actors time and again get to have a laugh at exotic shooting locations?]]></edu>
  <edu id="e5"><![CDATA[Also the scripts are often copied off each other.]]></edu>
  <adu id="a1" type="pro"/>
  <adu id="a2" type="opp"/>
  <adu id="a3" type="pro"/>
  <adu id="a4" type="pro"/>
  <adu id="a5" type="pro"/>
  <edge id="c2" src="a2" trg="a1" type="reb"/>
  <edge id="c3" src="a3" trg="a1" type="sup"/>
  <edge id="c4" src="a4" trg="a1" type="sup"/>
  <edge id="c5" src="a5" trg="a1" type="sup"/>
  <edge id="c6" src="e1" trg="a1" type="seg"/>
  <edge id="c7" src="e2" trg="a2" type="seg"/>
  <edge id="c8" src="e3" trg="a3" type="seg"/>
  <edge id="c9" src="e4" trg="a4" type="seg"/>
  <edge id="c10" src="e5" trg="a5" type="seg"/>
</arggraph>