<?xml version='1.0' encoding='UTF-8'?>
<arggraph id="micro_k007">
  <edu id="e1"><![CDATA[Supermarkets and shopping centres should be allowed to open any Sundays and holidays at their discretion.]]></edu>
  <edu id="e2"><![CDATA[For in this way, Sunday shopping days would be better spread out through the year.]]></edu>
  <edu id="e3"><![CDATA[Also streets and shops would presumably be emptier]]></edu>
  <edu id="e4"><![CDATA[as not everyone would be open on the same day.]]></edu>
  <edu id="e5"><![CDATA[However then you'd have a worse overview of which shop is open on a given day.]]></edu>
  <adu id="a1" type="pro"/>
  <adu id="a2" type="pro"/>
  <adu id="a3" type="pro"/>
  <adu id="a4" type="pro"/>
  <adu id="a5" type="opp"/>
  <edge id="c2" src="a2" trg="a1" type="sup"/>
  <edge id="c3" src="a3" trg="a1" type="sup"/>
  <edge id="c4" src="a4" trg="a3" type="sup"/>
  <edge id="c5" src="a5" trg="a1" type="reb"/>
  <edge id="c6" src="e1" trg="a1" type="seg"/>
  <edge id="c7" src="e2" trg="a2" type="seg"/>
  <edge id="c8" src="e3" trg="a3" type="seg"/>
  <edge id="c9" src="e4" trg="a4" type="seg"/>
  <edge id="c10" src="e5" trg="a5" type="seg"/>
</arggraph>