<?xml version='1.0' encoding='UTF-8'?>
<arggraph id="micro_d03">
  <edu id="e1"><![CDATA[It was clearly a mistake to include Tom in our football team.]]></edu>
  <edu id="e2"><![CDATA[He's just not a team player, and often goes it alone.]]></edu>
  <edu id="e3"><![CDATA[Plus he comes to training way too rarely,]]></edu>
  <edu id="e4"><![CDATA[although he plays very well without training.]]></edu>
  <edu id="e5"><![CDATA[But the worst thing is his habit of always complaining to the referee.]]></edu>
  <adu id="a1" type="pro"/>
  <adu id="a2" type="pro"/>
  <adu id="a3" type="pro"/>
  <adu id="a4" type="opp"/>
  <adu id="a5" type="pro"/>
  <edge id="c2" src="a2" trg="a1" type="sup"/>
  <edge id="c3" src="a3" trg="a1" type="sup"/>
  <edge id="c4" src="a4" trg="c3" type="und"/>
  <edge id="c5" src="a5" trg="a1" type="sup"/>
  <edge id="c6" src="e1" trg="a1" type="seg"/>
  <edge id="c7" src="e2" trg="a2" type="seg"/>
  <edge id="c8" src="e3" trg="a3" type="seg"/>
  <edge id="c9" src="e4" trg="a4" type="seg"/>
  <edge id="c10" src="e5" trg="a5" type="seg"/>
</arggraph>