<?xml version='1.0' encoding='UTF-8'?>
<arggraph id="micro_d21">
  <edu id="e1"><![CDATA[Energy saving light bulbs contain a significant amount of toxins.]]></edu>
  <edu id="e2"><![CDATA[A commercially available bulb may contain for example up to five milligrams of mercury.]]></edu>
  <edu id="e3"><![CDATA[That's why they should be taken off the market,]]></edu>
  <edu id="e4"><![CDATA[unless they're unbreakable.]]></edu>
  <edu id="e5"><![CDATA[But precisely this is unfortunately not the case.]]></edu>
  <adu id="a1" type="pro"/>
  <adu id="a2" type="pro"/>
  <adu id="a3" type="pro"/>
  <adu id="a4" type="opp"/>
  <adu id="a5" type="pro"/>
  <edge id="c1" src="a1" trg="a3" type="sup"/>
  <edge id="c2" src="a2" trg="a1" type="exa"/>
  <edge id="c4" src="a4" trg="c1" type="und"/>
  <edge id="c5" src="a5" trg="a4" type="reb"/>
  <edge id="c6" src="e1" trg="a1" type="seg"/>
  <edge id="c7" src="e2" trg="a2" type="seg"/>
  <edge id="c8" src="e3" trg="a3" type="seg"/>
  <edge id="c9" src="e4" trg="a4" type="seg"/>
  <edge id="c10" src="e5" trg="a5" type="seg"/>
</arggraph>