<?xml version='1.0' encoding='UTF-8'?>
<arggraph id="micro_c028">
  <edu id="e1"><![CDATA[People should date at least one year before getting engaged.]]></edu>
  <edu id="e2"><![CDATA[Taking the time to get to know someone, especially someone you plan to spend your whole life with, is critical.]]></edu>
  <edu id="e3"><![CDATA[Though some people may believe shorter time would be okay,]]></edu>
  <edu id="e4"><![CDATA[looking at the high rate of divorce,]]></edu>
  <edu id="e5"><![CDATA[I believe some of that is due to people rushing in to get married too quickly.]]></edu>
  <adu id="a1" type="pro"/>
  <adu id="a2" type="pro"/>
  <adu id="a3" type="opp"/>
  <adu id="a4" type="pro"/>
  <adu id="a5" type="pro"/>
  <edge id="c1" src="a2" trg="a1" type="sup"/>
  <edge id="c2" src="a3" trg="a1" type="reb"/>
  <edge id="c3" src="a4" trg="a3" type="reb"/>
  <edge id="c4" src="a5" trg="c3" type="add"/>
  <edge id="c5" src="e1" trg="a1" type="seg"/>
  <edge id="c6" src="e2" trg="a2" type="seg"/>
  <edge id="c7" src="e3" trg="a3" type="seg"/>
  <edge id="c8" src="e4" trg="a4" type="seg"/>
  <edge id="c9" src="e5" trg="a5" type="seg"/>
</arggraph>