<?xml version='1.0' encoding='UTF-8'?>
<arggraph id="micro_c190">
  <edu id="e1"><![CDATA[Video games are the enemy of quality family time.]]></edu>
  <edu id="e2"><![CDATA[There are few times in the average family were they can interact with each other on a close level without any interruptions.]]></edu>
  <edu id="e3"><![CDATA[Video games can become addictive and time consuming.]]></edu>
  <edu id="e4"><![CDATA[On the other hand, they can also teach meaningful skills to the users.]]></edu>
  <edu id="e5"><![CDATA[The time playing video games should be limited by parents or caregivers.]]></edu>
  <adu id="a1" type="pro"/>
  <adu id="a2" type="pro"/>
  <adu id="a3" type="opp"/>
  <adu id="a4" type="pro"/>
  <adu id="a5" type="pro"/>
  <edge id="c1" src="a1" trg="a5" type="sup"/>
  <edge id="c2" src="a2" trg="a4" type="sup"/>
  <edge id="c3" src="a3" trg="a4" type="reb"/>
  <edge id="c4" src="a5" trg="a4" type="sup"/>
  <edge id="c5" src="e1" trg="a5" type="seg"/>
  <edge id="c6" src="e2" trg="a1" type="seg"/>
  <edge id="c7" src="e3" trg="a2" type="seg"/>
  <edge id="c8" src="e4" trg="a3" type="seg"/>
  <edge id="c9" src="e5" trg="a4" type="seg"/>
</arggraph>