<?xml version='1.0' encoding='UTF-8'?>
<arggraph id="micro_c169">
  <edu id="e1"><![CDATA[Helicopter parents are not good for their children]]></edu>
  <edu id="e2"><![CDATA[because they do not allow their children to learn by making mistakes.]]></edu>
  <edu id="e3"><![CDATA[When children are unable to make decisions for themselves and learn independence, they cannot function as well as adults.]]></edu>
  <edu id="e4"><![CDATA[Children need to learn to think on their own and sometimes even get hurt or make mistakes to grow as people.]]></edu>
  <edu id="e5"><![CDATA[The world is a tough place and]]></edu>
  <edu id="e6"><![CDATA[children need to learn how to live in this tough world to make it as an adult.]]></edu>
  <adu id="a1" type="pro"/>
  <adu id="a2" type="pro"/>
  <adu id="a3" type="pro"/>
  <adu id="a4" type="pro"/>
  <adu id="a5" type="pro"/>
  <adu id="a6" type="pro"/>
  <edge id="c1" src="a2" trg="a1" type="sup"/>
  <edge id="c2" src="a3" trg="a2" type="sup"/>
  <edge id="c3" src="a4" trg="a2" type="sup"/>
  <edge id="c4" src="a5" trg="a1" type="sup"/>
  <edge id="c5" src="a6" trg="c4" type="add"/>
  <edge id="c6" src="e1" trg="a1" type="seg"/>
  <edge id="c7" src="e2" trg="a2" type="seg"/>
  <edge id="c8" src="e3" trg="a3" type="seg"/>
  <edge id="c9" src="e4" trg="a4" type="seg"/>
  <edge id="c10" src="e5" trg="a5" type="seg"/>
  <edge id="c11" src="e6" trg="a6" type="seg"/>
</arggraph>