<?xml version='1.0' encoding='UTF-8'?>
<arggraph id="micro_c114">
  <edu id="e1"><![CDATA[Regardless of a good job offer, I would not live in Beijing.]]></edu>
  <edu id="e2"><![CDATA[The pollution will have enough of an impact on my health that will negate any benefits from working there.]]></edu>
  <edu id="e3"><![CDATA[Add to that the social and political limitations]]></edu>
  <edu id="e4"><![CDATA[and it won't be much of a life there.]]></edu>
  <adu id="a1" type="pro"/>
  <adu id="a2" type="pro"/>
  <adu id="a3" type="pro"/>
  <adu id="a4" type="pro"/>
  <edge id="c1" src="a2" trg="a1" type="sup"/>
  <edge id="c2" src="a3" trg="a2" type="sup"/>
  <edge id="c3" src="a4" trg="a2" type="sup"/>
  <edge id="c4" src="e1" trg="a1" type="seg"/>
  <edge id="c5" src="e2" trg="a3" type="seg"/>
  <edge id="c6" src="e3" trg="a4" type="seg"/>
  <edge id="c7" src="e4" trg="a2" type="seg"/>
</arggraph>