<?xml version='1.0' encoding='UTF-8'?>
<arggraph id="micro_c035">
  <edu id="e1"><![CDATA[Fracking has uncovered cheap natural gas.]]></edu>
  <edu id="e2"><![CDATA[The aggregate savings to the American household are then passed on to the economy in the way of spending.]]></edu>
  <edu id="e3"><![CDATA[Also, the coal industry has imploded as a consequence which is more of a pollutant than natural gas.]]></edu>
  <edu id="e4"><![CDATA[The potential contamination damage caused by the fracking process is outweighed by the reduction of energy costs to the American household.]]></edu>
  <edu id="e5"><![CDATA[Yes, we need fracking despite its risks.]]></edu>
  <adu id="a1" type="pro"/>
  <adu id="a2" type="pro"/>
  <adu id="a3" type="pro"/>
  <adu id="a4" type="pro"/>
  <adu id="a5" type="pro"/>
  <edge id="c1" src="a2" trg="a1" type="sup"/>
  <edge id="c2" src="a3" trg="a2" type="sup"/>
  <edge id="c3" src="a4" trg="c2" type="add"/>
  <edge id="c4" src="a5" trg="c2" type="add"/>
  <edge id="c5" src="e1" trg="a3" type="seg"/>
  <edge id="c6" src="e2" trg="a4" type="seg"/>
  <edge id="c7" src="e3" trg="a5" type="seg"/>
  <edge id="c8" src="e4" trg="a2" type="seg"/>
  <edge id="c9" src="e5" trg="a1" type="seg"/>
</arggraph>