<?xml version='1.0' encoding='UTF-8'?>
<arggraph id="micro_b006">
  <edu id="e1"><![CDATA[The death penalty is a legal means that as such is not practicable in Germany.]]></edu>
  <edu id="e2"><![CDATA[For one thing, inviolable human dignity is anchored in our constitution,]]></edu>
  <edu id="e3"><![CDATA[and furthermore no one may have the right to adjudicate upon the death of another human being.]]></edu>
  <edu id="e4"><![CDATA[Even if many people think that a murderer has already decided on the life or death of another person,]]></edu>
  <edu id="e5"><![CDATA[this is precisely the crime that we should not repay with the same.]]></edu>
  <adu id="a1" type="pro"/>
  <adu id="a2" type="pro"/>
  <adu id="a3" type="pro"/>
  <adu id="a4" type="opp"/>
  <adu id="a5" type="pro"/>
  <edge id="c2" src="a2" trg="a1" type="sup"/>
  <edge id="c3" src="a3" trg="a1" type="sup"/>
  <edge id="c4" src="a4" trg="a1" type="reb"/>
  <edge id="c5" src="a5" trg="c4" type="und"/>
  <edge id="c6" src="e1" trg="a1" type="seg"/>
  <edge id="c7" src="e2" trg="a2" type="seg"/>
  <edge id="c8" src="e3" trg="a3" type="seg"/>
  <edge id="c9" src="e4" trg="a4" type="seg"/>
  <edge id="c10" src="e5" trg="a5" type="seg"/>
</arggraph>