<?xml version='1.0' encoding='UTF-8'?>
<arggraph id="micro_c200">
  <edu id="e1"><![CDATA[Large families are not better for the children.]]></edu>
  <edu id="e2"><![CDATA[Statistics show there is a larger ratio of teen pregnancies, school dropouts, and criminal convictions in families with more than 3 children.]]></edu>
  <edu id="e3"><![CDATA[The main problem is the loss of parental focus and guidance for each child.]]></edu>
  <edu id="e4"><![CDATA[One possible counter argument is that there is more long term bonding and support among the siblings.]]></edu>
  <edu id="e5"><![CDATA[I would suggest that this is needed because of the proportionate lack of parental contact and guidance that occurs during childhood in big families.]]></edu>
  <adu id="a1" type="pro"/>
  <adu id="a2" type="pro"/>
  <adu id="a3" type="pro"/>
  <adu id="a4" type="opp"/>
  <adu id="a5" type="pro"/>
  <edge id="c1" src="a2" trg="a1" type="sup"/>
  <edge id="c2" src="a3" trg="a1" type="sup"/>
  <edge id="c3" src="a4" trg="a1" type="reb"/>
  <edge id="c4" src="a5" trg="c3" type="und"/>
  <edge id="c5" src="e1" trg="a1" type="seg"/>
  <edge id="c6" src="e2" trg="a2" type="seg"/>
  <edge id="c7" src="e3" trg="a3" type="seg"/>
  <edge id="c8" src="e4" trg="a4" type="seg"/>
  <edge id="c9" src="e5" trg="a5" type="seg"/>
</arggraph>