<?xml version='1.0' encoding='UTF-8'?>
<arggraph id="micro_c191">
  <edu id="e1"><![CDATA[Video games do impact family life, but that impact does not always have to be negative.]]></edu>
  <edu id="e2"><![CDATA[There are many games available that are suitable for all ages, and playing those as a family can bring the family together.]]></edu>
  <edu id="e3"><![CDATA[Family video games would be the modern day equivalent to gathering as a family to play a board game, and there has never been controversy around that activity.]]></edu>
  <edu id="e4"><![CDATA[The problem that exists is potentially in violent video games,]]></edu>
  <edu id="e5"><![CDATA[but with good parenting, those can be avoided in favor of more wholesome, family-friendly games.]]></edu>
  <adu id="a1" type="pro"/>
  <adu id="a2" type="pro"/>
  <adu id="a3" type="pro"/>
  <adu id="a4" type="opp"/>
  <adu id="a5" type="pro"/>
  <edge id="c1" src="a2" trg="a1" type="sup"/>
  <edge id="c2" src="a3" trg="a1" type="sup"/>
  <edge id="c3" src="a4" trg="a1" type="reb"/>
  <edge id="c4" src="a5" trg="c3" type="und"/>
  <edge id="c5" src="e1" trg="a1" type="seg"/>
  <edge id="c6" src="e2" trg="a2" type="seg"/>
  <edge id="c7" src="e3" trg="a3" type="seg"/>
  <edge id="c8" src="e4" trg="a4" type="seg"/>
  <edge id="c9" src="e5" trg="a5" type="seg"/>
</arggraph>