<?xml version='1.0' encoding='UTF-8'?>
<arggraph id="micro_c056">
  <edu id="e1"><![CDATA[All states should adopt a deposit on soft drink bottles and cans]]></edu>
  <edu id="e2"><![CDATA[because it greatly incentives recycling.]]></edu>
  <edu id="e3"><![CDATA[The five or ten cent deposit is noticeable and serves as a reminder of recycling during checkout.]]></edu>
  <edu id="e4"><![CDATA[Once you have collected a bag or two full of cans and bottles, returning those cans and bottles is worth $5-$15, a meaningful amount of money for many people and families.]]></edu>
  <edu id="e5"><![CDATA[Recycling is vital]]></edu>
  <edu id="e6"><![CDATA[and incentivizing it in this simple way works.]]></edu>
  <adu id="a1" type="pro"/>
  <adu id="a2" type="pro"/>
  <adu id="a3" type="pro"/>
  <adu id="a4" type="pro"/>
  <adu id="a5" type="pro"/>
  <adu id="a6" type="pro"/>
  <edge id="c1" src="a2" trg="a1" type="sup"/>
  <edge id="c2" src="a3" trg="a2" type="sup"/>
  <edge id="c3" src="a4" trg="a3" type="exa"/>
  <edge id="c4" src="a5" trg="a2" type="sup"/>
  <edge id="c5" src="a6" trg="c4" type="add"/>
  <edge id="c6" src="e1" trg="a1" type="seg"/>
  <edge id="c7" src="e2" trg="a2" type="seg"/>
  <edge id="c8" src="e3" trg="a3" type="seg"/>
  <edge id="c9" src="e4" trg="a4" type="seg"/>
  <edge id="c10" src="e5" trg="a5" type="seg"/>
  <edge id="c11" src="e6" trg="a6" type="seg"/>
</arggraph>