<?xml version='1.0' encoding='UTF-8'?>
<arggraph id="micro_b009">
  <edu id="e1"><![CDATA[It is unfair and unjustifiable that new tenants have to pay a much higher rent than previous residents.]]></edu>
  <edu id="e2"><![CDATA[Clearly the landlord has to pay for some repairs before a new lease.]]></edu>
  <edu id="e3"><![CDATA[But surely these costs could be covered by a minimal increase in rent over the course of the entire lease.]]></edu>
  <edu id="e4"><![CDATA[All the more so as for an adequate profit the rental rate as compared to the base rent need not be raised for every new lease.]]></edu>
  <adu id="a1" type="pro"/>
  <adu id="a2" type="opp"/>
  <adu id="a3" type="pro"/>
  <adu id="a4" type="pro"/>
  <edge id="c2" src="a2" trg="a1" type="reb"/>
  <edge id="c3" src="a3" trg="c2" type="und"/>
  <edge id="c4" src="a4" trg="a1" type="sup"/>
  <edge id="c5" src="e1" trg="a1" type="seg"/>
  <edge id="c6" src="e2" trg="a2" type="seg"/>
  <edge id="c7" src="e3" trg="a3" type="seg"/>
  <edge id="c8" src="e4" trg="a4" type="seg"/>
</arggraph>