<?xml version='1.0' encoding='UTF-8'?>
<arggraph id="micro_c201">
  <edu id="e1"><![CDATA[Yes, large families are good for children]]></edu>
  <edu id="e2"><![CDATA[because it teaches them about sticking together.]]></edu>
  <edu id="e3"><![CDATA[Children learn how to share items and time with their family.]]></edu>
  <edu id="e4"><![CDATA[Large families will help children feel more secure in the world.]]></edu>
  <adu id="a1" type="pro"/>
  <adu id="a2" type="pro"/>
  <adu id="a3" type="pro"/>
  <adu id="a4" type="pro"/>
  <edge id="c1" src="a2" trg="a1" type="sup"/>
  <edge id="c2" src="a3" trg="a1" type="sup"/>
  <edge id="c3" src="a4" trg="a1" type="sup"/>
  <edge id="c4" src="e1" trg="a1" type="seg"/>
  <edge id="c5" src="e2" trg="a2" type="seg"/>
  <edge id="c6" src="e3" trg="a3" type="seg"/>
  <edge id="c7" src="e4" trg="a4" type="seg"/>
</arggraph>