<?xml version='1.0' encoding='UTF-8'?>
<arggraph id="micro_k027">
  <edu id="e1"><![CDATA[The TV license fee should only be collected from those who actually make use of the programming of the public broadcasters.]]></edu>
  <edu id="e2"><![CDATA[After all there are many people in Germany who pay the fee although they merely use a computer to work.]]></edu>
  <edu id="e3"><![CDATA[Yet the fees are demanded from everybody who does not apply for a waiver, no matter how many receiver devices actually exist in the household and how they are being used.]]></edu>
  <edu id="e4"><![CDATA[However it is obvious that the license fee officers are not in a position to check the usage of every single device.]]></edu>
  <adu id="a1" type="pro"/>
  <adu id="a2" type="pro"/>
  <adu id="a3" type="pro"/>
  <adu id="a4" type="opp"/>
  <edge id="c2" src="a2" trg="a1" type="sup"/>
  <edge id="c3" src="a3" trg="a1" type="sup"/>
  <edge id="c4" src="a4" trg="a1" type="reb"/>
  <edge id="c5" src="e1" trg="a1" type="seg"/>
  <edge id="c6" src="e2" trg="a2" type="seg"/>
  <edge id="c7" src="e3" trg="a3" type="seg"/>
  <edge id="c8" src="e4" trg="a4" type="seg"/>
</arggraph>