<?xml version='1.0' encoding='UTF-8'?>
<arggraph id="micro_c170">
  <edu id="e1"><![CDATA[The primary job of a parent is to prepare the child to live independently on their own.]]></edu>
  <edu id="e2"><![CDATA[A helicopter parent does not allow the child to develop life skills needed to do that.]]></edu>
  <edu id="e3"><![CDATA[A child eventually grows up and parents eventually die.]]></edu>
  <edu id="e4"><![CDATA[When a child grows up to adulthood from helicopter parents they face challenges that can make surviving the harsh realities of adulthood impossible.]]></edu>
  <edu id="e5"><![CDATA[Helicopter parents are bad for their children.]]></edu>
  <adu id="a1" type="pro"/>
  <adu id="a2" type="pro"/>
  <adu id="a3" type="pro"/>
  <adu id="a4" type="pro"/>
  <adu id="a5" type="pro"/>
  <edge id="c1" src="a2" trg="a1" type="sup"/>
  <edge id="c2" src="a3" trg="c1" type="add"/>
  <edge id="c3" src="a4" trg="a1" type="sup"/>
  <edge id="c4" src="a5" trg="c3" type="add"/>
  <edge id="c5" src="e1" trg="a2" type="seg"/>
  <edge id="c6" src="e2" trg="a3" type="seg"/>
  <edge id="c7" src="e3" trg="a4" type="seg"/>
  <edge id="c8" src="e4" trg="a5" type="seg"/>
  <edge id="c9" src="e5" trg="a1" type="seg"/>
</arggraph>