<?xml version='1.0' encoding='UTF-8'?>
<arggraph id="micro_c132">
  <edu id="e1"><![CDATA[Landfills are bad for handling our trash]]></edu>
  <edu id="e2"><![CDATA[because they cause a lot of pollution and run off.]]></edu>
  <edu id="e3"><![CDATA[Landfills also produce a lot of odor]]></edu>
  <edu id="e4"><![CDATA[and people have gotten sick from them as well.]]></edu>
  <edu id="e5"><![CDATA[It also takes up a ton of space and acreage.]]></edu>
  <edu id="e6"><![CDATA[However, apparently the thought that we are running out of landfill space is not true.]]></edu>
  <edu id="e7"><![CDATA[That being said, they still are not the best way of handling our trash.]]></edu>
  <adu id="a1" type="pro"/>
  <adu id="a2" type="pro"/>
  <adu id="a3" type="pro"/>
  <adu id="a4" type="pro"/>
  <adu id="a5" type="pro"/>
  <adu id="a6" type="opp"/>
  <adu id="a7" type="pro"/>
  <edge id="c1" src="a2" trg="a1" type="sup"/>
  <edge id="c2" src="a3" trg="a1" type="sup"/>
  <edge id="c3" src="a4" trg="a1" type="sup"/>
  <edge id="c4" src="a5" trg="a1" type="sup"/>
  <edge id="c5" src="a6" trg="c4" type="und"/>
  <edge id="c6" src="a7" trg="c5" type="und"/>
  <edge id="c7" src="e1" trg="a1" type="seg"/>
  <edge id="c8" src="e2" trg="a2" type="seg"/>
  <edge id="c9" src="e3" trg="a3" type="seg"/>
  <edge id="c10" src="e4" trg="a4" type="seg"/>
  <edge id="c11" src="e5" trg="a5" type="seg"/>
  <edge id="c12" src="e6" trg="a6" type="seg"/>
  <edge id="c13" src="e7" trg="a7" type="seg"/>
</arggraph>