<?xml version='1.0' encoding='UTF-8'?>
<arggraph id="micro_b035">
  <edu id="e1"><![CDATA[Complementary medicine includes treatments with proven health benefits in many areas]]></edu>
  <edu id="e2"><![CDATA[which are often less costly than medication from conventional medicine, which are also paid for after all.]]></edu>
  <edu id="e3"><![CDATA[Often natural treatments do not put as much of a strain on the patient.]]></edu>
  <edu id="e4"><![CDATA[Such therapies can frequently result in an improvement in the condition through the active participation of the patient.]]></edu>
  <edu id="e5"><![CDATA[The health insurance companies ought to be enabled to recognize a doctor's decision for natural treatment and also to cover it.]]></edu>
  <adu id="a1" type="pro"/>
  <adu id="a2" type="pro"/>
  <adu id="a3" type="pro"/>
  <adu id="a4" type="pro"/>
  <adu id="a5" type="pro"/>
  <edge id="c1" src="a1" trg="a5" type="sup"/>
  <edge id="c2" src="a2" trg="a5" type="sup"/>
  <edge id="c3" src="a3" trg="a5" type="sup"/>
  <edge id="c4" src="a4" trg="a5" type="sup"/>
  <edge id="c6" src="e1" trg="a1" type="seg"/>
  <edge id="c7" src="e2" trg="a2" type="seg"/>
  <edge id="c8" src="e3" trg="a3" type="seg"/>
  <edge id="c9" src="e4" trg="a4" type="seg"/>
  <edge id="c10" src="e5" trg="a5" type="seg"/>
</arggraph>