<?xml version='1.0' encoding='UTF-8'?>
<arggraph id="micro_c047">
  <edu id="e1"><![CDATA[Driving while using cell phones is dangerous.]]></edu>
  <edu id="e2"><![CDATA[Using a cell phone while driving distracts drivers from road hazards and the task at hand,]]></edu>
  <edu id="e3"><![CDATA[potentially putting the driver and others on the road at risk of a serious accident.]]></edu>
  <edu id="e4"><![CDATA[While the use of a mobile GPS can be necessary in many cases,]]></edu>
  <edu id="e5"><![CDATA[ultimately, the cons of using cells when driving outweigh this value.]]></edu>
  <adu id="a1" type="pro"/>
  <adu id="a2" type="pro"/>
  <adu id="a3" type="pro"/>
  <adu id="a4" type="opp"/>
  <adu id="a5" type="pro"/>
  <edge id="c1" src="a2" trg="a3" type="sup"/>
  <edge id="c2" src="a3" trg="a1" type="sup"/>
  <edge id="c3" src="a4" trg="a1" type="reb"/>
  <edge id="c4" src="a5" trg="c3" type="und"/>
  <edge id="c5" src="e1" trg="a1" type="seg"/>
  <edge id="c6" src="e2" trg="a2" type="seg"/>
  <edge id="c7" src="e3" trg="a3" type="seg"/>
  <edge id="c8" src="e4" trg="a4" type="seg"/>
  <edge id="c9" src="e5" trg="a5" type="seg"/>
</arggraph>