<?xml version='1.0' encoding='UTF-8'?>
<arggraph id="micro_b026">
  <edu id="e1"><![CDATA[The statutory health insurance companies should also cover treatments with non-medical and alternative practitioners.]]></edu>
  <edu id="e2"><![CDATA[Their treatment methods and successes are not amply researched or proven.]]></edu>
  <edu id="e3"><![CDATA[Yet many patients subjectively experience relief or are cured of their complaints,]]></edu>
  <edu id="e4"><![CDATA[which ultimately also saves costs for conventional treatments and medication.]]></edu>
  <edu id="e5"><![CDATA[Also conventional medicine is in many cases not successful,]]></edu>
  <edu id="e6"><![CDATA[and, moreover, entails significant risks and side effects.]]></edu>
  <adu id="a1" type="pro"/>
  <adu id="a2" type="opp"/>
  <adu id="a3" type="pro"/>
  <adu id="a4" type="pro"/>
  <adu id="a5" type="pro"/>
  <adu id="a6" type="pro"/>
  <edge id="c2" src="a2" trg="a1" type="reb"/>
  <edge id="c3" src="a3" trg="c2" type="und"/>
  <edge id="c4" src="a4" trg="a1" type="sup"/>
  <edge id="c5" src="a5" trg="a1" type="sup"/>
  <edge id="c6" src="a6" trg="a1" type="sup"/>
  <edge id="c7" src="e1" trg="a1" type="seg"/>
  <edge id="c8" src="e2" trg="a2" type="seg"/>
  <edge id="c9" src="e3" trg="a3" type="seg"/>
  <edge id="c10" src="e4" trg="a4" type="seg"/>
  <edge id="c11" src="e5" trg="a5" type="seg"/>
  <edge id="c12" src="e6" trg="a6" type="seg"/>
</arggraph>