<?xml version='1.0' encoding='UTF-8'?>
<arggraph id="micro_d07">
  <edu id="e1"><![CDATA[The current tour of Tokio Hotel is breaking all records.]]></edu>
  <edu id="e2"><![CDATA[Never have there been longer queues at the advance ticket offices]]></edu>
  <edu id="e3"><![CDATA[вЂ“ in Japan there was one exceeding 3.2km вЂ“]]></edu>
  <edu id="e4"><![CDATA[aside from, perhaps, during the heyday of Take That.]]></edu>
  <edu id="e5"><![CDATA[But at times even the online sales outlets haven't been coping with the demand.]]></edu>
  <adu id="a1" type="pro"/>
  <adu id="a2" type="pro"/>
  <adu id="a3" type="pro"/>
  <adu id="a4" type="opp"/>
  <adu id="a5" type="pro"/>
  <edge id="c2" src="a2" trg="a1" type="sup"/>
  <edge id="c3" src="a3" trg="a2" type="exa"/>
  <edge id="c4" src="a4" trg="a2" type="reb"/>
  <edge id="c5" src="a5" trg="a1" type="sup"/>
  <edge id="c6" src="e1" trg="a1" type="seg"/>
  <edge id="c7" src="e2" trg="a2" type="seg"/>
  <edge id="c8" src="e3" trg="a3" type="seg"/>
  <edge id="c9" src="e4" trg="a4" type="seg"/>
  <edge id="c10" src="e5" trg="a5" type="seg"/>
</arggraph>