<?xml version='1.0' encoding='UTF-8'?>
<arggraph id="micro_k017">
  <edu id="e1"><![CDATA[The implementation of retirement at 63 is no longer socially sustainable,]]></edu>
  <edu id="e2"><![CDATA[as the population in Germany has, viewed demographically, a disproportionate number of old people,]]></edu>
  <edu id="e3"><![CDATA[and constantly declining birth rates are being recorded.]]></edu>
  <edu id="e4"><![CDATA[Admittedly the number of immigrants is constantly rising in Germany,]]></edu>
  <edu id="e5"><![CDATA[but without sufficient, well-qualified junior employees there is hardly a possibility for adequate pension financing.]]></edu>
  <adu id="a1" type="pro"/>
  <adu id="a2" type="pro"/>
  <adu id="a3" type="pro"/>
  <adu id="a4" type="opp"/>
  <adu id="a5" type="pro"/>
  <edge id="c2" src="a2" trg="a1" type="sup"/>
  <edge id="c3" src="a3" trg="a1" type="sup"/>
  <edge id="c4" src="a4" trg="a1" type="reb"/>
  <edge id="c5" src="a5" trg="c4" type="und"/>
  <edge id="c6" src="e1" trg="a1" type="seg"/>
  <edge id="c7" src="e2" trg="a2" type="seg"/>
  <edge id="c8" src="e3" trg="a3" type="seg"/>
  <edge id="c9" src="e4" trg="a4" type="seg"/>
  <edge id="c10" src="e5" trg="a5" type="seg"/>
</arggraph>