<?xml version='1.0' encoding='UTF-8'?>
<arggraph id="micro_c128" topic_id="responsible_handling_of_nuclear_waste" stance="con">
  <edu id="e1"><![CDATA[No, there isn't a chance to handle nuclear waste responsibility!]]></edu>
  <edu id="e2"><![CDATA[It is very radioactive]]></edu>
  <edu id="e3"><![CDATA[and how is it possible to handle something  that is very hot.]]></edu>
  <edu id="e4"><![CDATA[It also decays very slowly,]]></edu>
  <edu id="e5"><![CDATA[hence hard to handle it responsibly.]]></edu>
  <edu id="e6"><![CDATA[It's considered a high level waste.]]></edu>
  <adu id="a1" type="pro"/>
  <adu id="a2" type="pro"/>
  <adu id="a3" type="pro"/>
  <adu id="a4" type="pro"/>
  <adu id="a5" type="pro"/>
  <adu id="a6" type="pro"/>
  <edge id="c6" src="e1" trg="a1" type="seg"/>
  <edge id="c7" src="e2" trg="a2" type="seg"/>
  <edge id="c8" src="e3" trg="a3" type="seg"/>
  <edge id="c9" src="e4" trg="a5" type="seg"/>
  <edge id="c10" src="e5" trg="a4" type="seg"/>
  <edge id="c11" src="e6" trg="a6" type="seg"/>
  <edge id="c1" src="a2" trg="a1" type="sup"/>
  <edge id="c2" src="a3" trg="c1" type="add"/>
  <edge id="c3" src="a4" trg="a1" type="sup"/>
  <edge id="c4" src="a5" trg="a4" type="sup"/>
  <edge id="c5" src="a6" trg="a1" type="sup"/>
</arggraph>
