<?xml version='1.0' encoding='UTF-8'?>
<arggraph id="micro_c038" topic_id="romantic_movies_endanger_relationships" stance="pro">
  <edu id="e1"><![CDATA[When you spend your time watching unrealistic romantic movies, you start thinking it's reality.]]></edu>
  <edu id="e2"><![CDATA[You begin to resent your partner for not behaving the way they do in the movies. Women are especially prone to this.]]></edu>
  <edu id="e3"><![CDATA[One could argue that it's just a movie and you shouldn't let it affect your life.]]></edu>
  <edu id="e4"><![CDATA[However, people can't always distinguish between the two.]]></edu>
  <edu id="e5" implicit="true"><![CDATA[Yes, the expectations raised by romantic movies are damaging to real relationships.]]></edu>
  <adu id="a1" type="pro"/>
  <adu id="a2" type="opp"/>
  <adu id="a3" type="pro"/>
  <adu id="a4" type="pro"/>
  <adu id="a5" type="pro"/>
  <edge id="c5" src="e1" trg="a3" type="seg"/>
  <edge id="c6" src="e2" trg="a4" type="seg"/>
  <edge id="c7" src="e3" trg="a2" type="seg"/>
  <edge id="c8" src="e4" trg="a5" type="seg"/>
  <edge id="c9" src="e5" trg="a1" type="seg"/>
  <edge id="c1" src="a2" trg="c3" type="und"/>
  <edge id="c2" src="a3" trg="a4" type="sup"/>
  <edge id="c3" src="a4" trg="a1" type="sup"/>
  <edge id="c4" src="a5" trg="c1" type="und"/>
</arggraph>
