<?xml version='1.0' encoding='UTF-8'?>
<arggraph id="micro_c110" topic_id="smart_watches_replace_cell_phones" stance="con">
  <edu id="e1"><![CDATA[I do not believe smart watches will replace cell phones,]]></edu>
  <edu id="e2"><![CDATA[there is so much smart watches cannot do.]]></edu>
  <edu id="e3"><![CDATA[The limits can have an effect on the devises compatibility with other objects.]]></edu>
  <edu id="e4"><![CDATA[I do not think people will give up their phones for an object that fits on their arm.]]></edu>
  <adu id="a1" type="pro"/>
  <adu id="a2" type="pro"/>
  <adu id="a3" type="pro"/>
  <adu id="a4" type="pro"/>
  <edge id="c4" src="e1" trg="a1" type="seg"/>
  <edge id="c5" src="e2" trg="a2" type="seg"/>
  <edge id="c6" src="e3" trg="a3" type="seg"/>
  <edge id="c7" src="e4" trg="a4" type="seg"/>
  <edge id="c1" src="a2" trg="a1" type="sup"/>
  <edge id="c2" src="a3" trg="a1" type="sup"/>
  <edge id="c3" src="a4" trg="a1" type="sup"/>
</arggraph>
