<?xml version='1.0' encoding='UTF-8'?>
<arggraph id="micro_c116" topic_id="life_in_dirty_city_if_good_job" stance="con">
  <edu id="e1"><![CDATA[No I would not live in a high-pollution city]]></edu>
  <edu id="e2"><![CDATA[because of the effects on one's health.]]></edu>
  <edu id="e3"><![CDATA[Pollution can cause respiratory disease such as emphysema and asthma.]]></edu>
  <edu id="e4"><![CDATA[In addition, lung damage can be done by inhaling all that dirt.]]></edu>
  <edu id="e5"><![CDATA[There are many more cons versus pros in this situation.]]></edu>
  <adu id="a1" type="pro"/>
  <adu id="a2" type="pro"/>
  <adu id="a3" type="pro"/>
  <adu id="a4" type="pro"/>
  <adu id="a5" type="pro"/>
  <edge id="c5" src="e1" trg="a1" type="seg"/>
  <edge id="c6" src="e2" trg="a2" type="seg"/>
  <edge id="c7" src="e3" trg="a3" type="seg"/>
  <edge id="c8" src="e4" trg="a4" type="seg"/>
  <edge id="c9" src="e5" trg="a5" type="seg"/>
  <edge id="c1" src="a2" trg="a1" type="sup"/>
  <edge id="c2" src="a3" trg="a2" type="exa"/>
  <edge id="c3" src="a4" trg="a2" type="exa"/>
  <edge id="c4" src="a5" trg="a1" type="sup"/>
</arggraph>
