<?xml version='1.0' encoding='UTF-8'?>
<arggraph id="micro_c066" topic_id="charge_for_plastic_bags" stance="pro">
  <edu id="e1"><![CDATA[It is important that we try to save our planet from plastics and other things that we can not recycle.]]></edu>
  <edu id="e2"><![CDATA[I think that with that in mind we should charge for plastic bags.]]></edu>
  <adu id="a1" type="pro"/>
  <adu id="a2" type="pro"/>
  <edge id="c2" src="e1" trg="a2" type="seg"/>
  <edge id="c3" src="e2" trg="a1" type="seg"/>
  <edge id="c1" src="a2" trg="a1" type="sup"/>
</arggraph>
