<?xml version='1.0' encoding='UTF-8'?>
<arggraph id="micro_c004" topic_id="hunting_improves_environment" stance="pro">
  <edu id="e1"><![CDATA[In the absence of wolves and other large predators, humans become the deer population control to keep to deer from over-grazing regional flora.]]></edu>
  <edu id="e2"><![CDATA[The ecosystem needs this delicate balance,]]></edu>
  <edu id="e3"><![CDATA[so it is also important not to over-hunt.]]></edu>
  <edu id="e4"><![CDATA[As long as restraint and practicality are applied to hunting, the environment will not suffer.]]></edu>
  <edu id="e5"><![CDATA[Hunting is good.]]></edu>
  <adu id="a1" type="pro"/>
  <adu id="a2" type="pro"/>
  <adu id="a3" type="pro"/>
  <adu id="a4" type="pro"/>
  <adu id="a5" type="pro"/>
  <edge id="c5" src="e1" trg="a2" type="seg"/>
  <edge id="c6" src="e2" trg="a3" type="seg"/>
  <edge id="c7" src="e3" trg="a4" type="seg"/>
  <edge id="c8" src="e4" trg="a5" type="seg"/>
  <edge id="c9" src="e5" trg="a1" type="seg"/>
  <edge id="c1" src="a2" trg="a4" type="sup"/>
  <edge id="c2" src="a3" trg="c1" type="add"/>
  <edge id="c3" src="a4" trg="a5" type="sup"/>
  <edge id="c4" src="a5" trg="a1" type="sup"/>
</arggraph>
