<?xml version='1.0' encoding='UTF-8'?>
<arggraph id="micro_c017" topic_id="removal_of_rhino_horns" stance="pro">
  <edu id="e1"><![CDATA[Removing rhinos' horns humanely will save their lives.]]></edu>
  <edu id="e2"><![CDATA[Rhinos are becoming extinct.]]></edu>
  <edu id="e3"><![CDATA[Poachers kill the rhinos with no regard.]]></edu>
  <edu id="e4"><![CDATA[They can live without their horns if it is done correctly.]]></edu>
  <adu id="a1" type="pro"/>
  <adu id="a2" type="pro"/>
  <adu id="a3" type="pro"/>
  <adu id="a4" type="pro"/>
  <edge id="c4" src="e1" trg="a1" type="seg"/>
  <edge id="c5" src="e2" trg="a2" type="seg"/>
  <edge id="c6" src="e3" trg="a4" type="seg"/>
  <edge id="c7" src="e4" trg="a3" type="seg"/>
  <edge id="c1" src="a2" trg="a1" type="sup"/>
  <edge id="c2" src="a3" trg="c1" type="add"/>
  <edge id="c3" src="a4" trg="a2" type="sup"/>
</arggraph>
