<?xml version='1.0' encoding='UTF-8'?>
<arggraph id="micro_c078" topic_id="violent_video_games_cause_violence" stance="con">
  <edu id="e1"><![CDATA[Violent video games, in and of themselves, do not cause people to act out violently.]]></edu>
  <edu id="e2"><![CDATA[No studies have shown that.]]></edu>
  <edu id="e3"><![CDATA[Perhaps violent people are drawn to violent games,]]></edu>
  <edu id="e4"><![CDATA[but that is only a correlation.]]></edu>
  <edu id="e5"><![CDATA[Most people understand video games are fantasy.]]></edu>
  <adu id="a1" type="pro"/>
  <adu id="a2" type="pro"/>
  <adu id="a3" type="opp"/>
  <adu id="a4" type="pro"/>
  <adu id="a5" type="pro"/>
  <edge id="c5" src="e1" trg="a1" type="seg"/>
  <edge id="c6" src="e2" trg="a2" type="seg"/>
  <edge id="c7" src="e3" trg="a3" type="seg"/>
  <edge id="c8" src="e4" trg="a4" type="seg"/>
  <edge id="c9" src="e5" trg="a5" type="seg"/>
  <edge id="c1" src="a2" trg="a1" type="sup"/>
  <edge id="c2" src="a3" trg="a1" type="reb"/>
  <edge id="c3" src="a4" trg="c2" type="und"/>
  <edge id="c4" src="a5" trg="a1" type="sup"/>
</arggraph>
