<?xml version='1.0' encoding='UTF-8'?>
<arggraph id="micro_c031" topic_id="dating_before_engagement" stance="pro">
  <edu id="e1"><![CDATA[People should get to know each other well before they become engaged.]]></edu>
  <edu id="e2"><![CDATA[To do so will take time though.]]></edu>
  <edu id="e3"><![CDATA[I say they need to date at least one year.]]></edu>
  <edu id="e4"><![CDATA[That will give them time to see the good and the bad.]]></edu>
  <adu id="a1" type="pro"/>
  <adu id="a2" type="pro"/>
  <adu id="a3" type="opp"/>
  <adu id="a4" type="pro"/>
  <edge id="c4" src="e1" trg="a2" type="seg"/>
  <edge id="c5" src="e2" trg="a3" type="seg"/>
  <edge id="c6" src="e3" trg="a1" type="seg"/>
  <edge id="c7" src="e4" trg="a4" type="seg"/>
  <edge id="c1" src="a2" trg="a1" type="sup"/>
  <edge id="c2" src="a3" trg="c1" type="und"/>
  <edge id="c3" src="a4" trg="c2" type="und"/>
</arggraph>
