<?xml version='1.0' encoding='UTF-8'?>
<arggraph id="micro_c001" topic_id="hunting_improves_environment" stance="pro">
  <edu id="e1"><![CDATA[Hunting is good for the environment]]></edu>
  <edu id="e2"><![CDATA[because overpopulated species can be thinned out.]]></edu>
  <edu id="e3"><![CDATA[Getting rid of an overpopulation enables the smaller animals in the food chain to grow.]]></edu>
  <edu id="e4"><![CDATA[It also allows for nature to take back the woods and grasslands, which will also enable other wildlife to grow.]]></edu>
  <edu id="e5"><![CDATA[Some people may object to hunting on the basis of humane treatment of animals.]]></edu>
  <edu id="e6"><![CDATA[Animals do not necessarily feel pain as we do,]]></edu>
  <edu id="e7"><![CDATA[and if there are not enough resources to sustain an overpopulation, then a quick bullet or arrow is better than slow starvation.]]></edu>
  <adu id="a1" type="pro"/>
  <adu id="a2" type="pro"/>
  <adu id="a3" type="pro"/>
  <adu id="a4" type="pro"/>
  <adu id="a5" type="opp"/>
  <adu id="a6" type="pro"/>
  <adu id="a7" type="pro"/>
  <edge id="c7" src="e1" trg="a1" type="seg"/>
  <edge id="c8" src="e2" trg="a2" type="seg"/>
  <edge id="c9" src="e3" trg="a3" type="seg"/>
  <edge id="c10" src="e4" trg="a4" type="seg"/>
  <edge id="c11" src="e5" trg="a5" type="seg"/>
  <edge id="c12" src="e6" trg="a6" type="seg"/>
  <edge id="c13" src="e7" trg="a7" type="seg"/>
  <edge id="c1" src="a2" trg="a1" type="sup"/>
  <edge id="c2" src="a3" trg="a2" type="sup"/>
  <edge id="c3" src="a4" trg="a2" type="sup"/>
  <edge id="c4" src="a5" trg="a1" type="reb"/>
  <edge id="c5" src="a6" trg="a5" type="reb"/>
  <edge id="c6" src="a7" trg="a5" type="reb"/>
</arggraph>
