<?xml version='1.0' encoding='UTF-8'?>
<arggraph id="micro_c072" topic_id="charge_for_plastic_bags" stance="pro">
  <edu id="e1"><![CDATA[Supermarkets should charge for plastic bags]]></edu>
  <edu id="e2"><![CDATA[in order to encourage the use of reusable bags.]]></edu>
  <edu id="e3"><![CDATA[The approximately one trillion plastic bags used annually across the world pose a serious threat to various animals]]></edu>
  <edu id="e4"><![CDATA[and a long term environmental menace.]]></edu>
  <edu id="e5"><![CDATA[Although alternatives like paper and cotton reusable bags potentially create a negative impact greater than plastic bags,]]></edu>
  <edu id="e6"><![CDATA[a well-informed and properly motivated population can significantly reduce environmental hazards.]]></edu>
  <edu id="e7"><![CDATA[Existing disposable plastic bags aren't going anywhere any time soon]]></edu>
  <edu id="e8"><![CDATA[since it takes up to a 1000 years for one to breakdown.]]></edu>
  <edu id="e9"><![CDATA[If a charge for plastic bags leads to even a small reduction in usage, the world will be better for it.]]></edu>
  <adu id="a1" type="pro"/>
  <adu id="a2" type="pro"/>
  <adu id="a3" type="pro"/>
  <adu id="a4" type="pro"/>
  <adu id="a5" type="opp"/>
  <adu id="a6" type="pro"/>
  <adu id="a7" type="pro"/>
  <adu id="a8" type="pro"/>
  <adu id="a9" type="pro"/>
  <edge id="c9" src="e1" trg="a1" type="seg"/>
  <edge id="c10" src="e2" trg="a2" type="seg"/>
  <edge id="c11" src="e3" trg="a3" type="seg"/>
  <edge id="c12" src="e4" trg="a4" type="seg"/>
  <edge id="c13" src="e5" trg="a5" type="seg"/>
  <edge id="c14" src="e6" trg="a6" type="seg"/>
  <edge id="c15" src="e7" trg="a7" type="seg"/>
  <edge id="c16" src="e8" trg="a8" type="seg"/>
  <edge id="c17" src="e9" trg="a9" type="seg"/>
  <edge id="c1" src="a2" trg="a1" type="sup"/>
  <edge id="c2" src="a3" trg="a2" type="sup"/>
  <edge id="c3" src="a4" trg="a2" type="sup"/>
  <edge id="c4" src="a5" trg="a2" type="reb"/>
  <edge id="c5" src="a6" trg="c4" type="und"/>
  <edge id="c6" src="a7" trg="a2" type="sup"/>
  <edge id="c7" src="a8" trg="a7" type="sup"/>
  <edge id="c8" src="a9" trg="a1" type="sup"/>
</arggraph>
