<?xml version='1.0' encoding='UTF-8'?>
<arggraph id="micro_c002" topic_id="hunting_improves_environment" stance="pro">
  <edu id="e1"><![CDATA[In some cases, hunting can remove threats to the environment.]]></edu>
  <edu id="e2"><![CDATA[Texas, in particular, has an overabundance of wild/feral boars that destroy farmers' fields, and root up other ground, too.]]></edu>
  <edu id="e3"><![CDATA[Furthermore, hunting your own meat saves up the natural resources that would otherwise be used in a processing plant.]]></edu>
  <edu id="e4" implicit="true"><![CDATA[Hunting is good for the environment.]]></edu>
  <adu id="a1" type="pro"/>
  <adu id="a2" type="pro"/>
  <adu id="a3" type="pro"/>
  <adu id="a4" type="pro"/>
  <edge id="c4" src="e1" trg="a2" type="seg"/>
  <edge id="c5" src="e2" trg="a3" type="seg"/>
  <edge id="c6" src="e3" trg="a4" type="seg"/>
  <edge id="c7" src="e4" trg="a1" type="seg"/>
  <edge id="c1" src="a2" trg="a1" type="sup"/>
  <edge id="c2" src="a3" trg="a2" type="exa"/>
  <edge id="c3" src="a4" trg="a1" type="sup"/>
</arggraph>
