<?xml version='1.0' encoding='UTF-8'?>
<arggraph id="micro_c181" topic_id="only_child" stance="con">
  <edu id="e1"><![CDATA[While being an only child does have a few advantages, such as only children tend to get more attention from their parents.]]></edu>
  <edu id="e2"><![CDATA[Children with siblings are happier as they always have someone to go to for help, or someone to play with.]]></edu>
  <edu id="e3"><![CDATA[While children with siblings might get less attention from their parents,]]></edu>
  <edu id="e4"><![CDATA[they get attention from more people.]]></edu>
  <edu id="e5"><![CDATA[They have more people to love and trust.]]></edu>
  <edu id="e6" implicit="true"><![CDATA[It is not good to be an only child.]]></edu>
  <adu id="a1" type="pro"/>
  <adu id="a2" type="pro"/>
  <adu id="a3" type="opp"/>
  <adu id="a4" type="pro"/>
  <adu id="a5" type="pro"/>
  <edge id="c5" src="e1" trg="a3" type="seg"/>
  <edge id="c6" src="e2" trg="a2" type="seg"/>
  <edge id="c7" src="e3" trg="a3" type="seg"/>
  <edge id="c8" src="e4" trg="a4" type="seg"/>
  <edge id="c9" src="e5" trg="a5" type="seg"/>
  <edge id="c10" src="e6" trg="a1" type="seg"/>
  <edge id="c1" src="a2" trg="a1" type="sup"/>
  <edge id="c2" src="a3" trg="a1" type="reb"/>
  <edge id="c3" src="a4" trg="c2" type="und"/>
  <edge id="c4" src="a5" trg="a1" type="sup"/>
</arggraph>
