<?xml version='1.0' encoding='UTF-8'?>
<arggraph id="micro_c025" topic_id="eco-tourism_protects_nature" stance="pro">
  <edu id="e1"><![CDATA[Eco-tourism can help protect wild areas and animals.]]></edu>
  <edu id="e2"><![CDATA[Because it helps raise awareness]]></edu>
  <edu id="e3"><![CDATA[and also helps fund the groups trying to protect the areas.]]></edu>
  <adu id="a1" type="pro"/>
  <adu id="a2" type="pro"/>
  <adu id="a3" type="pro"/>
  <edge id="c3" src="e1" trg="a1" type="seg"/>
  <edge id="c4" src="e2" trg="a2" type="seg"/>
  <edge id="c5" src="e3" trg="a3" type="seg"/>
  <edge id="c1" src="a2" trg="a1" type="sup"/>
  <edge id="c2" src="a3" trg="a1" type="sup"/>
</arggraph>
