<?xml version='1.0' encoding='UTF-8'?>
<arggraph id="micro_c195" topic_id="treat_dogs_as_humans" stance="pro">
  <edu id="e1"><![CDATA[Dogs will show unconditional love whether treated good or bad.]]></edu>
  <edu id="e2"><![CDATA[They should be treated as part of the family.]]></edu>
  <edu id="e3"><![CDATA[They are loyal and forgiving.]]></edu>
  <edu id="e4"><![CDATA[Just like children, they require guidance and discipline.]]></edu>
  <edu id="e5"><![CDATA[Dogs are pets and should not be left outside.]]></edu>
  <adu id="a1" type="pro"/>
  <adu id="a2" type="pro"/>
  <adu id="a3" type="pro"/>
  <adu id="a4" type="pro"/>
  <adu id="a5" type="pro"/>
  <edge id="c5" src="e1" trg="a2" type="seg"/>
  <edge id="c6" src="e2" trg="a1" type="seg"/>
  <edge id="c7" src="e3" trg="a3" type="seg"/>
  <edge id="c8" src="e4" trg="a4" type="seg"/>
  <edge id="c9" src="e5" trg="a5" type="seg"/>
  <edge id="c1" src="a2" trg="a1" type="sup"/>
  <edge id="c2" src="a3" trg="a1" type="sup"/>
  <edge id="c3" src="a4" trg="a1" type="sup"/>
  <edge id="c4" src="a5" trg="a1" type="sup"/>
</arggraph>
