<?xml version='1.0' encoding='UTF-8'?>
<arggraph id="micro_c157" topic_id="teenage_marriage" stance="con">
  <edu id="e1"><![CDATA[I do not believe teenage marriages are a good idea.]]></edu>
  <edu id="e2"><![CDATA[Marriage requires maturity]]></edu>
  <edu id="e3"><![CDATA[and as a teenager you do not have the level required to make a marriage work.]]></edu>
  <edu id="e4"><![CDATA[People change as they get older and find themselves.]]></edu>
  <edu id="e5"><![CDATA[Confidence is a big part of being successful in a relationship.]]></edu>
  <adu id="a1" type="pro"/>
  <adu id="a2" type="pro"/>
  <adu id="a3" type="pro"/>
  <adu id="a4" type="pro"/>
  <adu id="a5" type="pro"/>
  <edge id="c5" src="e1" trg="a1" type="seg"/>
  <edge id="c6" src="e2" trg="a3" type="seg"/>
  <edge id="c7" src="e3" trg="a2" type="seg"/>
  <edge id="c8" src="e4" trg="a4" type="seg"/>
  <edge id="c9" src="e5" trg="a5" type="seg"/>
  <edge id="c1" src="a2" trg="a1" type="sup"/>
  <edge id="c2" src="a3" trg="a2" type="sup"/>
  <edge id="c3" src="a4" trg="a1" type="sup"/>
  <edge id="c4" src="a5" trg="a1" type="sup"/>
</arggraph>
