<?xml version='1.0' encoding='UTF-8'?>
<arggraph id="micro_c040" topic_id="romantic_movies_endanger_relationships" stance="pro">
  <edu id="e1"><![CDATA[I think that, to some extent, romantic movies can leave an impression on viewers about what they think their real life relationships should be.]]></edu>
  <edu id="e2"><![CDATA[Most people can tell the difference between reality and movies,]]></edu>
  <edu id="e3"><![CDATA[but seeing perfect fictional relationships can give people false expectations.]]></edu>
  <edu id="e4"><![CDATA[They may wish they had that in their real lives even though it was obviously written for entertainment purposes.]]></edu>
  <edu id="e5" implicit="true"><![CDATA[Yes, the expectations raised by romantic movies are damaging to real relationships.]]></edu>
  <adu id="a1" type="pro"/>
  <adu id="a2" type="opp"/>
  <adu id="a3" type="pro"/>
  <adu id="a4" type="pro"/>
  <adu id="a5" type="pro"/>
  <edge id="c5" src="e1" trg="a1" type="seg"/>
  <edge id="c6" src="e2" trg="a2" type="seg"/>
  <edge id="c7" src="e3" trg="a3" type="seg"/>
  <edge id="c8" src="e4" trg="a4" type="seg"/>
  <edge id="c9" src="e5" trg="a5" type="seg"/>
  <edge id="c1" src="a1" trg="a5" type="sup"/>
  <edge id="c2" src="a2" trg="a1" type="reb"/>
  <edge id="c3" src="a3" trg="c2" type="und"/>
  <edge id="c4" src="a4" trg="a3" type="sup"/>
</arggraph>
