<?xml version='1.0' encoding='UTF-8'?>
<arggraph id="micro_c107" topic_id="composting_helps_environment" stance="pro">
  <edu id="e1"><![CDATA[Food waste is taking up too much space as landfill.]]></edu>
  <edu id="e2"><![CDATA[Landfill waste is bad for the environment.]]></edu>
  <edu id="e3"><![CDATA[It takes up so much space and makes it useless.]]></edu>
  <edu id="e4"><![CDATA[People think it's difficult to compost.]]></edu>
  <edu id="e5"><![CDATA[But, it's not when you have a separate bin just for composting.]]></edu>
  <edu id="e6" implicit="true"><![CDATA[Composting can help save the environment.]]></edu>
  <adu id="a1" type="pro"/>
  <adu id="a2" type="opp"/>
  <adu id="a3" type="pro"/>
  <adu id="a4" type="pro"/>
  <adu id="a5" type="pro"/>
  <adu id="a6" type="pro"/>
  <edge id="c6" src="e1" trg="a4" type="seg"/>
  <edge id="c7" src="e2" trg="a5" type="seg"/>
  <edge id="c8" src="e3" trg="a6" type="seg"/>
  <edge id="c9" src="e4" trg="a2" type="seg"/>
  <edge id="c10" src="e5" trg="a3" type="seg"/>
  <edge id="c11" src="e6" trg="a1" type="seg"/>
  <edge id="c1" src="a2" trg="a1" type="reb"/>
  <edge id="c2" src="a3" trg="a2" type="reb"/>
  <edge id="c3" src="a4" trg="a1" type="sup"/>
  <edge id="c4" src="a5" trg="c3" type="add"/>
  <edge id="c5" src="a6" trg="a5" type="sup"/>
</arggraph>
