<?xml version='1.0' encoding='UTF-8'?>
<arggraph id="micro_c090" topic_id="video_games_as_teaching_tools" stance="pro">
  <edu id="e1"><![CDATA[Video games can definitely be used as a positive tool in schools to help teachers teach.]]></edu>
  <edu id="e2"><![CDATA[It gives students something they enjoy mixed with something they can learn.]]></edu>
  <edu id="e3"><![CDATA[Old fashioned learning is great]]></edu>
  <edu id="e4"><![CDATA[but kids sometimes tire of that quickly, and they need something to hold their attention.]]></edu>
  <adu id="a1" type="pro"/>
  <adu id="a2" type="pro"/>
  <adu id="a3" type="opp"/>
  <adu id="a4" type="pro"/>
  <edge id="c4" src="e1" trg="a1" type="seg"/>
  <edge id="c5" src="e2" trg="a2" type="seg"/>
  <edge id="c6" src="e3" trg="a3" type="seg"/>
  <edge id="c7" src="e4" trg="a4" type="seg"/>
  <edge id="c1" src="a2" trg="a1" type="sup"/>
  <edge id="c2" src="a3" trg="a1" type="reb"/>
  <edge id="c3" src="a4" trg="c2" type="und"/>
</arggraph>
